{"OSBOSpelers":{"8786052":{"knsbnummer":8786052,"naamKNSB":"Rowan Sewnath","ratingIJSCO":100,"ratingKNSB":100,"ratingHandmatig":-1,"aanwezig":true,"overruleNaam":false,"overruleRating":false},"8788098":{"knsbnummer":8788098,"naamKNSB":"Bram Benne","ratingIJSCO":124,"ratingKNSB":196,"ratingHandmatig":-1,"aanwezig":true,"overruleNaam":false,"overruleRating":false},"8411271":{"knsbnummer":8411271,"naamKNSB":"Casper Wouters","ratingIJSCO":1812,"ratingKNSB":1886,"ratingHandmatig":-1,"aanwezig":true,"overruleNaam":false,"overruleRating":false},"8444040":{"knsbnummer":8444040,"naamKNSB":"Silas Hoevers","ratingIJSCO":1269,"ratingKNSB":1265,"ratingHandmatig":-1,"aanwezig":true,"overruleNaam":false,"overruleRating":false},"8786063":{"knsbnummer":8786063,"naamKNSB":"Shaya Sewnath","ratingIJSCO":176,"ratingKNSB":232,"ratingHandmatig":-1,"aanwezig":true,"overruleNaam":false,"overruleRating":false},"8663182":{"knsbnummer":8663182,"naamKNSB":"Erik Smouter","ratingIJSCO":470,"ratingKNSB":489,"ratingHandmatig":-1,"aanwezig":true,"overruleNaam":false,"overruleRating":false},"8752271":{"knsbnummer":8752271,"naamKNSB":"Bart van de Vendel","ratingIJSCO":160,"ratingKNSB":0,"ratingHandmatig":-1,"aanwezig":true,"overruleNaam":false,"overruleRating":false},"8747145":{"knsbnummer":8747145,"naamKNSB":"Floris Arentsen","ratingIJSCO":191,"ratingKNSB":272,"ratingHandmatig":-1,"aanwezig":true,"overruleNaam":false,"overruleRating":false},"8485004":{"knsbnummer":8485004,"naamKNSB":"Nick van Dijk","ratingIJSCO":635,"ratingKNSB":765,"ratingHandmatig":-1,"aanwezig":true,"overruleNaam":false,"overruleRating":false},"8557714":{"knsbnummer":8557714,"naamKNSB":"Lars Boere","ratingIJSCO":1079,"ratingKNSB":1203,"ratingHandmatig":-1,"aanwezig":true,"overruleNaam":false,"overruleRating":false},"8637585":{"knsbnummer":8637585,"naamKNSB":"Demian den Dulk","ratingIJSCO":576,"ratingKNSB":626,"ratingHandmatig":-1,"aanwezig":true,"overruleNaam":false,"overruleRating":false},"8593552":{"knsbnummer":8593552,"naamKNSB":"Julian van Meegen","ratingIJSCO":1001,"ratingKNSB":1031,"ratingHandmatig":-1,"aanwezig":true,"overruleNaam":false,"overruleRating":false},"8653975":{"knsbnummer":8653975,"naamKNSB":"Peter Huijsen","ratingIJSCO":678,"ratingKNSB":742,"ratingHandmatig":-1,"aanwezig":true,"overruleNaam":false,"overruleRating":false},"8660113":{"knsbnummer":8660113,"naamKNSB":"Lucas Hahn?","ratingIJSCO":258,"ratingKNSB":348,"ratingHandmatig":-1,"aanwezig":true,"overruleNaam":false,"overruleRating":false},"8623252":{"knsbnummer":8623252,"naamKNSB":"Thijmen Litjens","ratingIJSCO":537,"ratingKNSB":508,"ratingHandmatig":-1,"aanwezig":true,"overruleNaam":false,"overruleRating":false},"8516761":{"knsbnummer":8516761,"naamKNSB":"Wisse Witmans","ratingIJSCO":1634,"ratingKNSB":1642,"ratingHandmatig":-1,"aanwezig":true,"overruleNaam":false,"overruleRating":false},"8771741":{"knsbnummer":8771741,"naamKNSB":"Jamie Wiegman","ratingIJSCO":226,"ratingKNSB":459,"ratingHandmatig":-1,"aanwezig":true,"overruleNaam":false,"overruleRating":false},"8459418":{"knsbnummer":8459418,"naamKNSB":"Lourens Dijkstra","ratingIJSCO":1120,"ratingKNSB":1214,"ratingHandmatig":-1,"aanwezig":true,"overruleNaam":false,"overruleRating":false},"8623263":{"knsbnummer":8623263,"naamKNSB":"Marijn Meurs","ratingIJSCO":519,"ratingKNSB":579,"ratingHandmatig":-1,"aanwezig":true,"overruleNaam":false,"overruleRating":false},"8510623":{"knsbnummer":8510623,"naamKNSB":"Niels van Duijl","ratingIJSCO":916,"ratingKNSB":956,"ratingHandmatig":-1,"aanwezig":true,"overruleNaam":false,"overruleRating":false},"8729754":{"knsbnummer":8729754,"naamKNSB":"Bram Wierbos","ratingIJSCO":500,"ratingKNSB":547,"ratingHandmatig":-1,"aanwezig":true,"overruleNaam":false,"overruleRating":false},"8557725":{"knsbnummer":8557725,"naamKNSB":"Jessey Bogaerts","ratingIJSCO":386,"ratingKNSB":499,"ratingHandmatig":-1,"aanwezig":true,"overruleNaam":false,"overruleRating":false},"8752282":{"knsbnummer":8752282,"naamKNSB":"Nathan Struik","ratingIJSCO":233,"ratingKNSB":0,"ratingHandmatig":-1,"aanwezig":true,"overruleNaam":false,"overruleRating":false},"8729765":{"knsbnummer":8729765,"naamKNSB":"Pelle van der Sluis","ratingIJSCO":111,"ratingKNSB":109,"ratingHandmatig":-1,"aanwezig":true,"overruleNaam":false,"overruleRating":false},"8574115":{"knsbnummer":8574115,"naamKNSB":"Brent van Dusseldorp","ratingIJSCO":1649,"ratingKNSB":1659,"ratingHandmatig":-1,"aanwezig":true,"overruleNaam":false,"overruleRating":false},"8727719":{"knsbnummer":8727719,"naamKNSB":"Julian Vloedbeld","ratingIJSCO":114,"ratingKNSB":125,"ratingHandmatig":-1,"aanwezig":true,"overruleNaam":false,"overruleRating":false},"8653986":{"knsbnummer":8653986,"naamKNSB":"Johan Bakker","ratingIJSCO":255,"ratingKNSB":312,"ratingHandmatig":-1,"aanwezig":true,"overruleNaam":false,"overruleRating":false},"8743075":{"knsbnummer":8743075,"naamKNSB":"Ingmar Reijnen","ratingIJSCO":116,"ratingKNSB":200,"ratingHandmatig":-1,"aanwezig":true,"overruleNaam":false,"overruleRating":false},"8653997":{"knsbnummer":8653997,"naamKNSB":"Jamie Pathuis","ratingIJSCO":195,"ratingKNSB":264,"ratingHandmatig":-1,"aanwezig":true,"overruleNaam":false,"overruleRating":false},"8601769":{"knsbnummer":8601769,"naamKNSB":"Leon Kamermans","ratingIJSCO":611,"ratingKNSB":1022,"ratingHandmatig":-1,"aanwezig":true,"overruleNaam":false,"overruleRating":false},"8669353":{"knsbnummer":8669353,"naamKNSB":"Maurijn Ahoud","ratingIJSCO":244,"ratingKNSB":350,"ratingHandmatig":-1,"aanwezig":true,"overruleNaam":false,"overruleRating":false},"8724650":{"knsbnummer":8724650,"naamKNSB":"Rolf Driessen","ratingIJSCO":111,"ratingKNSB":247,"ratingHandmatig":-1,"aanwezig":true,"overruleNaam":false,"overruleRating":false},"8724661":{"knsbnummer":8724661,"naamKNSB":"Jarik Shirokov","ratingIJSCO":169,"ratingKNSB":275,"ratingHandmatig":-1,"aanwezig":true,"overruleNaam":false,"overruleRating":false},"8694961":{"knsbnummer":8694961,"naamKNSB":"Pepijn van Dinther","ratingIJSCO":254,"ratingKNSB":400,"ratingHandmatig":-1,"aanwezig":true,"overruleNaam":false,"overruleRating":false},"8783027":{"knsbnummer":8783027,"naamKNSB":"Joop Hendriks","ratingIJSCO":100,"ratingKNSB":100,"ratingHandmatig":-1,"aanwezig":true,"overruleNaam":false,"overruleRating":false},"8579252":{"knsbnummer":8579252,"naamKNSB":"Sarrujan Sivapatham","ratingIJSCO":191,"ratingKNSB":310,"ratingHandmatig":-1,"aanwezig":true,"overruleNaam":false,"overruleRating":false},"8659123":{"knsbnummer":8659123,"naamKNSB":"Moses de Jong","ratingIJSCO":186,"ratingKNSB":332,"ratingHandmatig":-1,"aanwezig":true,"overruleNaam":false,"overruleRating":false},"8539322":{"knsbnummer":8539322,"naamKNSB":"Serge Johanns","ratingIJSCO":483,"ratingKNSB":546,"ratingHandmatig":-1,"aanwezig":true,"overruleNaam":false,"overruleRating":false},"8727741":{"knsbnummer":8727741,"naamKNSB":"Bas Maes","ratingIJSCO":380,"ratingKNSB":530,"ratingHandmatig":-1,"aanwezig":true,"overruleNaam":false,"overruleRating":false},"8659134":{"knsbnummer":8659134,"naamKNSB":"Benaiah de Jong","ratingIJSCO":246,"ratingKNSB":470,"ratingHandmatig":-1,"aanwezig":true,"overruleNaam":false,"overruleRating":false},"8483002":{"knsbnummer":8483002,"naamKNSB":"Geert Stradmeijer","ratingIJSCO":1364,"ratingKNSB":1364,"ratingHandmatig":-1,"aanwezig":true,"overruleNaam":false,"overruleRating":false},"8579263":{"knsbnummer":8579263,"naamKNSB":"Sanjive Sivapatham","ratingIJSCO":547,"ratingKNSB":587,"ratingHandmatig":-1,"aanwezig":true,"overruleNaam":false,"overruleRating":false},"8686788":{"knsbnummer":8686788,"naamKNSB":"Onno Post","ratingIJSCO":271,"ratingKNSB":428,"ratingHandmatig":-1,"aanwezig":true,"overruleNaam":false,"overruleRating":false},"8751303":{"knsbnummer":8751303,"naamKNSB":"Mattias Oosterhuis","ratingIJSCO":816,"ratingKNSB":883,"ratingHandmatig":-1,"aanwezig":true,"overruleNaam":false,"overruleRating":false},"8428739":{"knsbnummer":8428739,"naamKNSB":"Pieter Verhoef","ratingIJSCO":2197,"ratingKNSB":2056,"ratingHandmatig":-1,"aanwezig":true,"overruleNaam":false,"overruleRating":false},"8532161":{"knsbnummer":8532161,"naamKNSB":"Erik Dadajan","ratingIJSCO":274,"ratingKNSB":433,"ratingHandmatig":-1,"aanwezig":true,"overruleNaam":false,"overruleRating":false},"8667329":{"knsbnummer":8667329,"naamKNSB":"Peter Bronsveld","ratingIJSCO":623,"ratingKNSB":673,"ratingHandmatig":-1,"aanwezig":true,"overruleNaam":false,"overruleRating":false},"8413383":{"knsbnummer":8413383,"naamKNSB":"Max Warmerdam","ratingIJSCO":2399,"ratingKNSB":2361,"ratingHandmatig":-1,"aanwezig":true,"overruleNaam":false,"overruleRating":false},"8733890":{"knsbnummer":8733890,"naamKNSB":"Tom? Da costa Fernandes","ratingIJSCO":141,"ratingKNSB":0,"ratingHandmatig":-1,"aanwezig":true,"overruleNaam":false,"overruleRating":false},"8444106":{"knsbnummer":8444106,"naamKNSB":"Jeffrey Huynh","ratingIJSCO":750,"ratingKNSB":790,"ratingHandmatig":-1,"aanwezig":true,"overruleNaam":false,"overruleRating":false},"8659145":{"knsbnummer":8659145,"naamKNSB":"Quinten Fluit","ratingIJSCO":154,"ratingKNSB":221,"ratingHandmatig":-1,"aanwezig":true,"overruleNaam":false,"overruleRating":false},"8588492":{"knsbnummer":8588492,"naamKNSB":"Katja Tangarife Ramirez *","ratingIJSCO":723,"ratingKNSB":784,"ratingHandmatig":-1,"aanwezig":true,"overruleNaam":false,"overruleRating":false},"8531149":{"knsbnummer":8531149,"naamKNSB":"Chao Daniels","ratingIJSCO":444,"ratingKNSB":494,"ratingHandmatig":-1,"aanwezig":true,"overruleNaam":false,"overruleRating":false},"8690891":{"knsbnummer":8690891,"naamKNSB":"Arnoud Dronkers","ratingIJSCO":283,"ratingKNSB":316,"ratingHandmatig":-1,"aanwezig":true,"overruleNaam":false,"overruleRating":false},"8783049":{"knsbnummer":8783049,"naamKNSB":"Chris Eijkhout","ratingIJSCO":228,"ratingKNSB":200,"ratingHandmatig":-1,"aanwezig":true,"overruleNaam":false,"overruleRating":false},"8724694":{"knsbnummer":8724694,"naamKNSB":"Ruben Wenning","ratingIJSCO":275,"ratingKNSB":382,"ratingHandmatig":-1,"aanwezig":true,"overruleNaam":false,"overruleRating":false},"8751314":{"knsbnummer":8751314,"naamKNSB":"Levi Grave","ratingIJSCO":336,"ratingKNSB":474,"ratingHandmatig":-1,"aanwezig":true,"overruleNaam":false,"overruleRating":false},"8579285":{"knsbnummer":8579285,"naamKNSB":"Govert van der Weijden","ratingIJSCO":241,"ratingKNSB":334,"ratingHandmatig":-1,"aanwezig":true,"overruleNaam":false,"overruleRating":false},"8659167":{"knsbnummer":8659167,"naamKNSB":"Ben Elenbaas","ratingIJSCO":231,"ratingKNSB":232,"ratingHandmatig":-1,"aanwezig":true,"overruleNaam":false,"overruleRating":false},"8745176":{"knsbnummer":8745176,"naamKNSB":"Korstian Hoogeveen","ratingIJSCO":251,"ratingKNSB":369,"ratingHandmatig":-1,"aanwezig":true,"overruleNaam":false,"overruleRating":false},"8605916":{"knsbnummer":8605916,"naamKNSB":"Max Groot","ratingIJSCO":237,"ratingKNSB":348,"ratingHandmatig":-1,"aanwezig":true,"overruleNaam":false,"overruleRating":false},"8579296":{"knsbnummer":8579296,"naamKNSB":"Olivier van der Weijden","ratingIJSCO":388,"ratingKNSB":518,"ratingHandmatig":-1,"aanwezig":true,"overruleNaam":false,"overruleRating":false},"8533217":{"knsbnummer":8533217,"naamKNSB":"Sara Martinez *","ratingIJSCO":1546,"ratingKNSB":1520,"ratingHandmatig":-1,"aanwezig":true,"overruleNaam":false,"overruleRating":false},"8579307":{"knsbnummer":8579307,"naamKNSB":"Marco Wieland","ratingIJSCO":655,"ratingKNSB":780,"ratingHandmatig":-1,"aanwezig":true,"overruleNaam":false,"overruleRating":false},"8800495":{"knsbnummer":8800495,"naamKNSB":"Hugo van Gaal","ratingIJSCO":286,"ratingKNSB":0,"ratingHandmatig":-1,"aanwezig":true,"overruleNaam":false,"overruleRating":false},"8659178":{"knsbnummer":8659178,"naamKNSB":"Niels van Wolfswinkel","ratingIJSCO":325,"ratingKNSB":467,"ratingHandmatig":-1,"aanwezig":true,"overruleNaam":false,"overruleRating":false},"8705268":{"knsbnummer":8705268,"naamKNSB":"Fieke Adams *","ratingIJSCO":136,"ratingKNSB":231,"ratingHandmatig":-1,"aanwezig":true,"overruleNaam":false,"overruleRating":false},"8605938":{"knsbnummer":8605938,"naamKNSB":"Bart van Enckevort","ratingIJSCO":680,"ratingKNSB":725,"ratingHandmatig":-1,"aanwezig":true,"overruleNaam":false,"overruleRating":false},"8727796":{"knsbnummer":8727796,"naamKNSB":"Jort Jorna","ratingIJSCO":563,"ratingKNSB":729,"ratingHandmatig":-1,"aanwezig":true,"overruleNaam":false,"overruleRating":false},"8354830":{"knsbnummer":8354830,"naamKNSB":"Sven Schakenbos","ratingIJSCO":278,"ratingKNSB":0,"ratingHandmatig":-1,"aanwezig":true,"overruleNaam":false,"overruleRating":false},"8788208":{"knsbnummer":8788208,"naamKNSB":"Brent Wittekoek","ratingIJSCO":100,"ratingKNSB":0,"ratingHandmatig":-1,"aanwezig":true,"overruleNaam":false,"overruleRating":false},"8695027":{"knsbnummer":8695027,"naamKNSB":"Fedor Yastrebov","ratingIJSCO":197,"ratingKNSB":275,"ratingHandmatig":-1,"aanwezig":true,"overruleNaam":false,"overruleRating":false},"8475896":{"knsbnummer":8475896,"naamKNSB":"Dries Wedda","ratingIJSCO":2122,"ratingKNSB":2113,"ratingHandmatig":-1,"aanwezig":true,"overruleNaam":false,"overruleRating":false},"8593662":{"knsbnummer":8593662,"naamKNSB":"Boaz van Weele","ratingIJSCO":291,"ratingKNSB":454,"ratingHandmatig":-1,"aanwezig":true,"overruleNaam":false,"overruleRating":false},"8759300":{"knsbnummer":8759300,"naamKNSB":"Jonathan Heringa","ratingIJSCO":100,"ratingKNSB":100,"ratingHandmatig":-1,"aanwezig":true,"overruleNaam":false,"overruleRating":false},"8615937":{"knsbnummer":8615937,"naamKNSB":"Puck Egbers *","ratingIJSCO":112,"ratingKNSB":150,"ratingHandmatig":-1,"aanwezig":true,"overruleNaam":false,"overruleRating":false},"8632327":{"knsbnummer":8632327,"naamKNSB":"Thijs Roszm?ller","ratingIJSCO":165,"ratingKNSB":0,"ratingHandmatig":-1,"aanwezig":true,"overruleNaam":false,"overruleRating":false},"8633350":{"knsbnummer":8633350,"naamKNSB":"Pieter Zwaanswijk","ratingIJSCO":344,"ratingKNSB":432,"ratingHandmatig":-1,"aanwezig":true,"overruleNaam":false,"overruleRating":false},"8763392":{"knsbnummer":8763392,"naamKNSB":"Max Leijten","ratingIJSCO":100,"ratingKNSB":100,"ratingHandmatig":-1,"aanwezig":true,"overruleNaam":false,"overruleRating":false},"8572938":{"knsbnummer":8572938,"naamKNSB":"Eva Molanus *","ratingIJSCO":879,"ratingKNSB":1158,"ratingHandmatig":-1,"aanwezig":true,"overruleNaam":false,"overruleRating":false},"8665096":{"knsbnummer":8665096,"naamKNSB":"Thije Hoekema","ratingIJSCO":184,"ratingKNSB":345,"ratingHandmatig":-1,"aanwezig":true,"overruleNaam":false,"overruleRating":false},"8347889":{"knsbnummer":8347889,"naamKNSB":"Erik van Cappellen","ratingIJSCO":1611,"ratingKNSB":1608,"ratingHandmatig":-1,"aanwezig":true,"overruleNaam":false,"overruleRating":false},"8497170":{"knsbnummer":8497170,"naamKNSB":"Arthur Maters","ratingIJSCO":1833,"ratingKNSB":1976,"ratingHandmatig":-1,"aanwezig":true,"overruleNaam":false,"overruleRating":false},"8508445":{"knsbnummer":8508445,"naamKNSB":"Julian van Dijk","ratingIJSCO":847,"ratingKNSB":842,"ratingHandmatig":-1,"aanwezig":true,"overruleNaam":false,"overruleRating":false},"8497181":{"knsbnummer":8497181,"naamKNSB":"Luc Maters","ratingIJSCO":613,"ratingKNSB":861,"ratingHandmatig":-1,"aanwezig":true,"overruleNaam":false,"overruleRating":false},"8669210":{"knsbnummer":8669210,"naamKNSB":"Floran Ahoud","ratingIJSCO":493,"ratingKNSB":481,"ratingHandmatig":-1,"aanwezig":true,"overruleNaam":false,"overruleRating":false},"8632349":{"knsbnummer":8632349,"naamKNSB":"Cees Wentink","ratingIJSCO":418,"ratingKNSB":579,"ratingHandmatig":-1,"aanwezig":true,"overruleNaam":false,"overruleRating":false},"8490020":{"knsbnummer":8490020,"naamKNSB":"Sijmen van Bommel","ratingIJSCO":611,"ratingKNSB":0,"ratingHandmatig":-1,"aanwezig":true,"overruleNaam":false,"overruleRating":false},"8750115":{"knsbnummer":8750115,"naamKNSB":"Sieger Vertelman","ratingIJSCO":137,"ratingKNSB":150,"ratingHandmatig":-1,"aanwezig":true,"overruleNaam":false,"overruleRating":false},"8508456":{"knsbnummer":8508456,"naamKNSB":"Dominick van Dijk","ratingIJSCO":718,"ratingKNSB":677,"ratingHandmatig":-1,"aanwezig":true,"overruleNaam":false,"overruleRating":false},"8482859":{"knsbnummer":8482859,"naamKNSB":"Machiel Luchtmeijer","ratingIJSCO":698,"ratingKNSB":738,"ratingHandmatig":-1,"aanwezig":true,"overruleNaam":false,"overruleRating":false},"8632360":{"knsbnummer":8632360,"naamKNSB":"Bram Zaalmink","ratingIJSCO":804,"ratingKNSB":863,"ratingHandmatig":-1,"aanwezig":true,"overruleNaam":false,"overruleRating":false},"8761390":{"knsbnummer":8761390,"naamKNSB":"Elianne Snijders *","ratingIJSCO":148,"ratingKNSB":349,"ratingHandmatig":-1,"aanwezig":true,"overruleNaam":false,"overruleRating":false},"8558638":{"knsbnummer":8558638,"naamKNSB":"Luuk Hendriksen","ratingIJSCO":522,"ratingKNSB":572,"ratingHandmatig":-1,"aanwezig":true,"overruleNaam":false,"overruleRating":false},"8523823":{"knsbnummer":8523823,"naamKNSB":"Marvin Rijkers","ratingIJSCO":486,"ratingKNSB":697,"ratingHandmatig":-1,"aanwezig":true,"overruleNaam":false,"overruleRating":false},"8665129":{"knsbnummer":8665129,"naamKNSB":"Elijah Sampson","ratingIJSCO":453,"ratingKNSB":598,"ratingHandmatig":-1,"aanwezig":true,"overruleNaam":false,"overruleRating":false},"8753195":{"knsbnummer":8753195,"naamKNSB":"Sep Epema","ratingIJSCO":276,"ratingKNSB":516,"ratingHandmatig":-1,"aanwezig":true,"overruleNaam":false,"overruleRating":false},"8632371":{"knsbnummer":8632371,"naamKNSB":"Jonne Lijzenga","ratingIJSCO":202,"ratingKNSB":485,"ratingHandmatig":-1,"aanwezig":true,"overruleNaam":false,"overruleRating":false},"8553523":{"knsbnummer":8553523,"naamKNSB":"Lars Rutjens","ratingIJSCO":885,"ratingKNSB":1374,"ratingHandmatig":-1,"aanwezig":true,"overruleNaam":false,"overruleRating":false},"8673335":{"knsbnummer":8673335,"naamKNSB":"Myl?ne Scholten *","ratingIJSCO":133,"ratingKNSB":100,"ratingHandmatig":-1,"aanwezig":true,"overruleNaam":false,"overruleRating":false},"8688691":{"knsbnummer":8688691,"naamKNSB":"Ruben Rodenburg","ratingIJSCO":260,"ratingKNSB":363,"ratingHandmatig":-1,"aanwezig":true,"overruleNaam":false,"overruleRating":false},"8768573":{"knsbnummer":8768573,"naamKNSB":"Aaron Stam","ratingIJSCO":188,"ratingKNSB":354,"ratingHandmatig":-1,"aanwezig":true,"overruleNaam":false,"overruleRating":false},"8732735":{"knsbnummer":8732735,"naamKNSB":"Icks Onrust","ratingIJSCO":226,"ratingKNSB":0,"ratingHandmatig":-1,"aanwezig":true,"overruleNaam":false,"overruleRating":false},"8593464":{"knsbnummer":8593464,"naamKNSB":"Nestor Shirokov","ratingIJSCO":597,"ratingKNSB":731,"ratingHandmatig":-1,"aanwezig":true,"overruleNaam":false,"overruleRating":false},"8665151":{"knsbnummer":8665151,"naamKNSB":"Rick Wellink","ratingIJSCO":314,"ratingKNSB":498,"ratingHandmatig":-1,"aanwezig":true,"overruleNaam":false,"overruleRating":false},"8349891":{"knsbnummer":8349891,"naamKNSB":"Bram Rutten","ratingIJSCO":1866,"ratingKNSB":1719,"ratingHandmatig":-1,"aanwezig":true,"overruleNaam":false,"overruleRating":false},"8631359":{"knsbnummer":8631359,"naamKNSB":"Jelle van Mullekom","ratingIJSCO":378,"ratingKNSB":550,"ratingHandmatig":-1,"aanwezig":true,"overruleNaam":false,"overruleRating":false},"8694840":{"knsbnummer":8694840,"naamKNSB":"Lucas Heijboer","ratingIJSCO":239,"ratingKNSB":544,"ratingHandmatig":-1,"aanwezig":true,"overruleNaam":false,"overruleRating":false},"8563775":{"knsbnummer":8563775,"naamKNSB":"Twan Driessen","ratingIJSCO":218,"ratingKNSB":328,"ratingHandmatig":-1,"aanwezig":true,"overruleNaam":false,"overruleRating":false},"8736827":{"knsbnummer":8736827,"naamKNSB":"Jim de Vries","ratingIJSCO":197,"ratingKNSB":150,"ratingHandmatig":-1,"aanwezig":true,"overruleNaam":false,"overruleRating":false},"8428607":{"knsbnummer":8428607,"naamKNSB":"Thijmen Terpstra","ratingIJSCO":1277,"ratingKNSB":1595,"ratingHandmatig":-1,"aanwezig":true,"overruleNaam":false,"overruleRating":false},"8387775":{"knsbnummer":8387775,"naamKNSB":"Coendert Vleeming","ratingIJSCO":800,"ratingKNSB":800,"ratingHandmatig":-1,"aanwezig":true,"overruleNaam":false,"overruleRating":false},"8360121":{"knsbnummer":8360121,"naamKNSB":"Ruben de Vries","ratingIJSCO":1290,"ratingKNSB":1209,"ratingHandmatig":-1,"aanwezig":true,"overruleNaam":false,"overruleRating":false},"8631370":{"knsbnummer":8631370,"naamKNSB":"Bas Woenmaesot","ratingIJSCO":350,"ratingKNSB":609,"ratingHandmatig":-1,"aanwezig":true,"overruleNaam":false,"overruleRating":false},"8390734":{"knsbnummer":8390734,"naamKNSB":"Simon van Eek","ratingIJSCO":1467,"ratingKNSB":1480,"ratingHandmatig":-1,"aanwezig":true,"overruleNaam":false,"overruleRating":false},"8698954":{"knsbnummer":8698954,"naamKNSB":"Tim Schopman","ratingIJSCO":172,"ratingKNSB":275,"ratingHandmatig":-1,"aanwezig":true,"overruleNaam":false,"overruleRating":false},"8665162":{"knsbnummer":8665162,"naamKNSB":"Robin van Vuuren","ratingIJSCO":159,"ratingKNSB":0,"ratingHandmatig":-1,"aanwezig":true,"overruleNaam":false,"overruleRating":false},"8622163":{"knsbnummer":8622163,"naamKNSB":"Micha van Ginkel","ratingIJSCO":167,"ratingKNSB":430,"ratingHandmatig":-1,"aanwezig":true,"overruleNaam":false,"overruleRating":false},"8498259":{"knsbnummer":8498259,"naamKNSB":"Bas de Boer","ratingIJSCO":2023,"ratingKNSB":2158,"ratingHandmatig":-1,"aanwezig":true,"overruleNaam":false,"overruleRating":false},"8419411":{"knsbnummer":8419411,"naamKNSB":"Nicky Chen","ratingIJSCO":1002,"ratingKNSB":1074,"ratingHandmatig":-1,"aanwezig":true,"overruleNaam":false,"overruleRating":false},"8678483":{"knsbnummer":8678483,"naamKNSB":"Thomas Vloedbeld","ratingIJSCO":229,"ratingKNSB":384,"ratingHandmatig":-1,"aanwezig":true,"overruleNaam":false,"overruleRating":false},"8690781":{"knsbnummer":8690781,"naamKNSB":"Kamil Reinds","ratingIJSCO":286,"ratingKNSB":439,"ratingHandmatig":-1,"aanwezig":true,"overruleNaam":false,"overruleRating":false},"8770652":{"knsbnummer":8770652,"naamKNSB":"Bas van der Made","ratingIJSCO":217,"ratingKNSB":309,"ratingHandmatig":-1,"aanwezig":true,"overruleNaam":false,"overruleRating":false},"8445019":{"knsbnummer":8445019,"naamKNSB":"Stein van Tol","ratingIJSCO":1391,"ratingKNSB":1373,"ratingHandmatig":-1,"aanwezig":true,"overruleNaam":false,"overruleRating":false},"8757342":{"knsbnummer":8757342,"naamKNSB":"Raf van Heeswijk","ratingIJSCO":266,"ratingKNSB":724,"ratingHandmatig":-1,"aanwezig":true,"overruleNaam":false,"overruleRating":false},"8543326":{"knsbnummer":8543326,"naamKNSB":"Arnold L?ckerath","ratingIJSCO":477,"ratingKNSB":464,"ratingHandmatig":-1,"aanwezig":true,"overruleNaam":false,"overruleRating":false},"8694873":{"knsbnummer":8694873,"naamKNSB":"Senne van het Loo","ratingIJSCO":247,"ratingKNSB":486,"ratingHandmatig":-1,"aanwezig":true,"overruleNaam":false,"overruleRating":false},"8419422":{"knsbnummer":8419422,"naamKNSB":"Tony Chen","ratingIJSCO":944,"ratingKNSB":1034,"ratingHandmatig":-1,"aanwezig":true,"overruleNaam":false,"overruleRating":false},"8694884":{"knsbnummer":8694884,"naamKNSB":"Sander Koelmans","ratingIJSCO":189,"ratingKNSB":305,"ratingHandmatig":-1,"aanwezig":true,"overruleNaam":false,"overruleRating":false},"8761445":{"knsbnummer":8761445,"naamKNSB":"Thibault Freijse","ratingIJSCO":127,"ratingKNSB":250,"ratingHandmatig":-1,"aanwezig":true,"overruleNaam":false,"overruleRating":false},"8642656":{"knsbnummer":8642656,"naamKNSB":"Menno van den Berg","ratingIJSCO":242,"ratingKNSB":414,"ratingHandmatig":-1,"aanwezig":true,"overruleNaam":false,"overruleRating":false},"8557670":{"knsbnummer":8557670,"naamKNSB":"Iva Binnendijk *","ratingIJSCO":314,"ratingKNSB":542,"ratingHandmatig":-1,"aanwezig":true,"overruleNaam":false,"overruleRating":false},"8602726":{"knsbnummer":8602726,"naamKNSB":"Lena Scheurwater *","ratingIJSCO":645,"ratingKNSB":839,"ratingHandmatig":-1,"aanwezig":true,"overruleNaam":false,"overruleRating":false},"8788076":{"knsbnummer":8788076,"naamKNSB":"Mees ten Berge","ratingIJSCO":174,"ratingKNSB":282,"ratingHandmatig":-1,"aanwezig":true,"overruleNaam":false,"overruleRating":false},"8526958":{"knsbnummer":8526958,"naamKNSB":"Matthijs van Dodeweerd","ratingIJSCO":1441,"ratingKNSB":1559,"ratingHandmatig":-1,"aanwezig":true,"overruleNaam":false,"overruleRating":false},"8560750":{"knsbnummer":8560750,"naamKNSB":"Arco van Wakeren","ratingIJSCO":143,"ratingKNSB":377,"ratingHandmatig":-1,"aanwezig":true,"overruleNaam":false,"overruleRating":false},"8788087":{"knsbnummer":8788087,"naamKNSB":"Niek Roze","ratingIJSCO":385,"ratingKNSB":467,"ratingHandmatig":-1,"aanwezig":true,"overruleNaam":false,"overruleRating":false},"8625265":{"knsbnummer":8625265,"naamKNSB":"Jesper van den Berk","ratingIJSCO":244,"ratingKNSB":388,"ratingHandmatig":-1,"aanwezig":true,"overruleNaam":false,"overruleRating":false},"8564853":{"knsbnummer":8564853,"naamKNSB":"Jorinus Luitjes","ratingIJSCO":227,"ratingKNSB":478,"ratingHandmatig":-1,"aanwezig":true,"overruleNaam":false,"overruleRating":false},"8582266":{"knsbnummer":8582266,"naamKNSB":"Bas Capel","ratingIJSCO":916,"ratingKNSB":1106,"ratingHandmatig":-1,"aanwezig":true,"overruleNaam":false,"overruleRating":false},"8714365":{"knsbnummer":8714365,"naamKNSB":"Wout van Harten","ratingIJSCO":139,"ratingKNSB":125,"ratingHandmatig":-1,"aanwezig":true,"overruleNaam":false,"overruleRating":false},"8783995":{"knsbnummer":8783995,"naamKNSB":"Rutger van der Knijff","ratingIJSCO":120,"ratingKNSB":125,"ratingHandmatig":-1,"aanwezig":true,"overruleNaam":false,"overruleRating":false},"8601725":{"knsbnummer":8601725,"naamKNSB":"Stijn Groot","ratingIJSCO":336,"ratingKNSB":531,"ratingHandmatig":-1,"aanwezig":true,"overruleNaam":false,"overruleRating":false},"8786041":{"knsbnummer":8786041,"naamKNSB":"Arun Sewnath","ratingIJSCO":128,"ratingKNSB":100,"ratingHandmatig":-1,"aanwezig":true,"overruleNaam":false,"overruleRating":false},"8783236":{"knsbnummer":8783236,"naamKNSB":"Stan Kodde","ratingIJSCO":174,"ratingKNSB":174,"ratingHandmatig":-1,"aanwezig":true,"overruleNaam":false,"overruleRating":false},"8540554":{"knsbnummer":8540554,"naamKNSB":"Fabian de Vries","ratingIJSCO":1550,"ratingKNSB":1600,"ratingHandmatig":-1,"aanwezig":true,"overruleNaam":false,"overruleRating":false},"8749455":{"knsbnummer":8749455,"naamKNSB":"Cecilia Pereira Garza *","ratingIJSCO":380,"ratingKNSB":589,"ratingHandmatig":-1,"aanwezig":true,"overruleNaam":false,"overruleRating":false},"8733065":{"knsbnummer":8733065,"naamKNSB":"Lynn van den Brink *","ratingIJSCO":133,"ratingKNSB":0,"ratingHandmatig":-1,"aanwezig":true,"overruleNaam":false,"overruleRating":false},"8766857":{"knsbnummer":8766857,"naamKNSB":"Mees Tjwa","ratingIJSCO":126,"ratingKNSB":146,"ratingHandmatig":-1,"aanwezig":true,"overruleNaam":false,"overruleRating":false},"8628631":{"knsbnummer":8628631,"naamKNSB":"Nout van Zalk","ratingIJSCO":225,"ratingKNSB":394,"ratingHandmatig":-1,"aanwezig":true,"overruleNaam":false,"overruleRating":false},"8561047":{"knsbnummer":8561047,"naamKNSB":"Joas Tiggelaar","ratingIJSCO":1333,"ratingKNSB":1466,"ratingHandmatig":-1,"aanwezig":true,"overruleNaam":false,"overruleRating":false},"8766879":{"knsbnummer":8766879,"naamKNSB":"Lieve Hofman *","ratingIJSCO":234,"ratingKNSB":430,"ratingHandmatig":-1,"aanwezig":true,"overruleNaam":false,"overruleRating":false},"8705444":{"knsbnummer":8705444,"naamKNSB":"Shasa Boom","ratingIJSCO":373,"ratingKNSB":378,"ratingHandmatig":-1,"aanwezig":true,"overruleNaam":false,"overruleRating":false},"8274266":{"knsbnummer":8274266,"naamKNSB":"Thomas Beerdsen","ratingIJSCO":2445,"ratingKNSB":2436,"ratingHandmatig":-1,"aanwezig":true,"overruleNaam":false,"overruleRating":false},"8740259":{"knsbnummer":8740259,"naamKNSB":"Marieke Offerein *","ratingIJSCO":195,"ratingKNSB":307,"ratingHandmatig":-1,"aanwezig":true,"overruleNaam":false,"overruleRating":false},"8705455":{"knsbnummer":8705455,"naamKNSB":"Pim van Scherpenzeel","ratingIJSCO":246,"ratingKNSB":325,"ratingHandmatig":-1,"aanwezig":true,"overruleNaam":false,"overruleRating":false},"8622515":{"knsbnummer":8622515,"naamKNSB":"Jan Stuut","ratingIJSCO":1252,"ratingKNSB":1240,"ratingHandmatig":-1,"aanwezig":true,"overruleNaam":false,"overruleRating":false},"8589746":{"knsbnummer":8589746,"naamKNSB":"Son Stavenuiter","ratingIJSCO":423,"ratingKNSB":626,"ratingHandmatig":-1,"aanwezig":true,"overruleNaam":false,"overruleRating":false},"8625595":{"knsbnummer":8625595,"naamKNSB":"Jasper de Jong","ratingIJSCO":260,"ratingKNSB":282,"ratingHandmatig":-1,"aanwezig":true,"overruleNaam":false,"overruleRating":false},"8512955":{"knsbnummer":8512955,"naamKNSB":"Johan Hoksbergen","ratingIJSCO":758,"ratingKNSB":793,"ratingHandmatig":-1,"aanwezig":true,"overruleNaam":false,"overruleRating":false},"8560057":{"knsbnummer":8560057,"naamKNSB":"Elmar Roothaan","ratingIJSCO":1775,"ratingKNSB":1716,"ratingHandmatig":-1,"aanwezig":true,"overruleNaam":false,"overruleRating":false},"8532414":{"knsbnummer":8532414,"naamKNSB":"Philip Gabbert","ratingIJSCO":358,"ratingKNSB":454,"ratingHandmatig":-1,"aanwezig":true,"overruleNaam":false,"overruleRating":false},"8478140":{"knsbnummer":8478140,"naamKNSB":"Luuk de Man","ratingIJSCO":1577,"ratingKNSB":1643,"ratingHandmatig":-1,"aanwezig":true,"overruleNaam":false,"overruleRating":false},"8519104":{"knsbnummer":8519104,"naamKNSB":"Walter Kaemingk","ratingIJSCO":558,"ratingKNSB":714,"ratingHandmatig":-1,"aanwezig":true,"overruleNaam":false,"overruleRating":false},"8426946":{"knsbnummer":8426946,"naamKNSB":"Catharina Hulleman *","ratingIJSCO":712,"ratingKNSB":776,"ratingHandmatig":-1,"aanwezig":true,"overruleNaam":false,"overruleRating":false},"8656329":{"knsbnummer":8656329,"naamKNSB":"Maui Pracht *","ratingIJSCO":308,"ratingKNSB":838,"ratingHandmatig":-1,"aanwezig":true,"overruleNaam":false,"overruleRating":false},"8493518":{"knsbnummer":8493518,"naamKNSB":"Anna de Vries *","ratingIJSCO":812,"ratingKNSB":0,"ratingHandmatig":-1,"aanwezig":true,"overruleNaam":false,"overruleRating":false},"8459726":{"knsbnummer":8459726,"naamKNSB":"Floris Gu?pin","ratingIJSCO":512,"ratingKNSB":542,"ratingHandmatig":-1,"aanwezig":true,"overruleNaam":false,"overruleRating":false},"8613330":{"knsbnummer":8613330,"naamKNSB":"Tarek Bouwmeester","ratingIJSCO":166,"ratingKNSB":352,"ratingHandmatig":-1,"aanwezig":true,"overruleNaam":false,"overruleRating":false},"8760785":{"knsbnummer":8760785,"naamKNSB":"Skip van Kampen","ratingIJSCO":111,"ratingKNSB":100,"ratingHandmatig":-1,"aanwezig":true,"overruleNaam":false,"overruleRating":false},"8633823":{"knsbnummer":8633823,"naamKNSB":"Diede Hameleers","ratingIJSCO":689,"ratingKNSB":693,"ratingHandmatig":-1,"aanwezig":true,"overruleNaam":false,"overruleRating":false},"8577503":{"knsbnummer":8577503,"naamKNSB":"Isai Zorlu","ratingIJSCO":594,"ratingKNSB":0,"ratingHandmatig":-1,"aanwezig":true,"overruleNaam":false,"overruleRating":false},"8705499":{"knsbnummer":8705499,"naamKNSB":"Jan Willem Klein","ratingIJSCO":180,"ratingKNSB":0,"ratingHandmatig":-1,"aanwezig":true,"overruleNaam":false,"overruleRating":false},"8761830":{"knsbnummer":8761830,"naamKNSB":"Job van Dreumel","ratingIJSCO":133,"ratingKNSB":150,"ratingHandmatig":-1,"aanwezig":true,"overruleNaam":false,"overruleRating":false},"8606180":{"knsbnummer":8606180,"naamKNSB":"Lars Molema","ratingIJSCO":391,"ratingKNSB":406,"ratingHandmatig":-1,"aanwezig":true,"overruleNaam":false,"overruleRating":false},"8320279":{"knsbnummer":8320279,"naamKNSB":"Tim Evendijk","ratingIJSCO":1113,"ratingKNSB":0,"ratingHandmatig":-1,"aanwezig":true,"overruleNaam":false,"overruleRating":false},"8633834":{"knsbnummer":8633834,"naamKNSB":"Sil Hameleers","ratingIJSCO":558,"ratingKNSB":579,"ratingHandmatig":-1,"aanwezig":true,"overruleNaam":false,"overruleRating":false},"8744428":{"knsbnummer":8744428,"naamKNSB":"Tobias van den Bosch","ratingIJSCO":160,"ratingKNSB":197,"ratingHandmatig":-1,"aanwezig":true,"overruleNaam":false,"overruleRating":false},"8589801":{"knsbnummer":8589801,"naamKNSB":"Sietse Twijnstra","ratingIJSCO":612,"ratingKNSB":784,"ratingHandmatig":-1,"aanwezig":true,"overruleNaam":false,"overruleRating":false},"8472046":{"knsbnummer":8472046,"naamKNSB":"Feike Harmsen","ratingIJSCO":600,"ratingKNSB":516,"ratingHandmatig":-1,"aanwezig":true,"overruleNaam":false,"overruleRating":false},"8757738":{"knsbnummer":8757738,"naamKNSB":"Sep Koopman","ratingIJSCO":330,"ratingKNSB":217,"ratingHandmatig":-1,"aanwezig":true,"overruleNaam":false,"overruleRating":false},"8637937":{"knsbnummer":8637937,"naamKNSB":"Sean Fanseda","ratingIJSCO":857,"ratingKNSB":1046,"ratingHandmatig":-1,"aanwezig":true,"overruleNaam":false,"overruleRating":false},"8671729":{"knsbnummer":8671729,"naamKNSB":"Maurice van Wakeren","ratingIJSCO":100,"ratingKNSB":0,"ratingHandmatig":-1,"aanwezig":true,"overruleNaam":false,"overruleRating":false},"8558077":{"knsbnummer":8558077,"naamKNSB":"Lydia van Dodeweerd *","ratingIJSCO":1287,"ratingKNSB":916,"ratingHandmatig":-1,"aanwezig":true,"overruleNaam":false,"overruleRating":false},"8787449":{"knsbnummer":8787449,"naamKNSB":"Quintus Keij","ratingIJSCO":100,"ratingKNSB":0,"ratingHandmatig":-1,"aanwezig":true,"overruleNaam":false,"overruleRating":false},"8510722":{"knsbnummer":8510722,"naamKNSB":"Fenna van der Greft *","ratingIJSCO":416,"ratingKNSB":384,"ratingHandmatig":-1,"aanwezig":true,"overruleNaam":false,"overruleRating":false},"8615178":{"knsbnummer":8615178,"naamKNSB":"Menno Kramp","ratingIJSCO":318,"ratingKNSB":491,"ratingHandmatig":-1,"aanwezig":true,"overruleNaam":false,"overruleRating":false},"8628488":{"knsbnummer":8628488,"naamKNSB":"Tim Biljardt","ratingIJSCO":170,"ratingKNSB":329,"ratingHandmatig":-1,"aanwezig":true,"overruleNaam":false,"overruleRating":false},"8723726":{"knsbnummer":8723726,"naamKNSB":"Reinout Kaemingk","ratingIJSCO":133,"ratingKNSB":150,"ratingHandmatig":-1,"aanwezig":true,"overruleNaam":false,"overruleRating":false},"8659211":{"knsbnummer":8659211,"naamKNSB":"Siebren Rietveld","ratingIJSCO":209,"ratingKNSB":328,"ratingHandmatig":-1,"aanwezig":true,"overruleNaam":false,"overruleRating":false},"8560915":{"knsbnummer":8560915,"naamKNSB":"Imre Woest *","ratingIJSCO":1385,"ratingKNSB":1456,"ratingHandmatig":-1,"aanwezig":true,"overruleNaam":false,"overruleRating":false},"8659222":{"knsbnummer":8659222,"naamKNSB":"Hugo Rietveld","ratingIJSCO":391,"ratingKNSB":332,"ratingHandmatig":-1,"aanwezig":true,"overruleNaam":false,"overruleRating":false},"8579351":{"knsbnummer":8579351,"naamKNSB":"Mike van Bergen van der Grijp","ratingIJSCO":729,"ratingKNSB":942,"ratingHandmatig":-1,"aanwezig":true,"overruleNaam":false,"overruleRating":false},"8732944":{"knsbnummer":8732944,"naamKNSB":"Jonas van Benthem","ratingIJSCO":199,"ratingKNSB":362,"ratingHandmatig":-1,"aanwezig":true,"overruleNaam":false,"overruleRating":false},"8788241":{"knsbnummer":8788241,"naamKNSB":"Olivia Brouwer *","ratingIJSCO":218,"ratingKNSB":0,"ratingHandmatig":-1,"aanwezig":true,"overruleNaam":false,"overruleRating":false},"8622361":{"knsbnummer":8622361,"naamKNSB":"Pepijn de Waal","ratingIJSCO":269,"ratingKNSB":430,"ratingHandmatig":-1,"aanwezig":true,"overruleNaam":false,"overruleRating":false},"8712484":{"knsbnummer":8712484,"naamKNSB":"Thiemen Dekker","ratingIJSCO":801,"ratingKNSB":1053,"ratingHandmatig":-1,"aanwezig":true,"overruleNaam":false,"overruleRating":false},"8522019":{"knsbnummer":8522019,"naamKNSB":"Ivan Engelen","ratingIJSCO":702,"ratingKNSB":742,"ratingHandmatig":-1,"aanwezig":true,"overruleNaam":false,"overruleRating":false},"8699174":{"knsbnummer":8699174,"naamKNSB":"Kira de Kort *","ratingIJSCO":100,"ratingKNSB":100,"ratingHandmatig":-1,"aanwezig":true,"overruleNaam":false,"overruleRating":false},"8535329":{"knsbnummer":8535329,"naamKNSB":"Yasin Gokoglan","ratingIJSCO":367,"ratingKNSB":661,"ratingHandmatig":-1,"aanwezig":true,"overruleNaam":false,"overruleRating":false},"8659233":{"knsbnummer":8659233,"naamKNSB":"Tobias van Lieshout","ratingIJSCO":527,"ratingKNSB":588,"ratingHandmatig":-1,"aanwezig":true,"overruleNaam":false,"overruleRating":false},"8622372":{"knsbnummer":8622372,"naamKNSB":"Jonathan Hendriks","ratingIJSCO":247,"ratingKNSB":420,"ratingHandmatig":-1,"aanwezig":true,"overruleNaam":false,"overruleRating":false},"8445228":{"knsbnummer":8445228,"naamKNSB":"Rens Wolters","ratingIJSCO":1060,"ratingKNSB":1060,"ratingHandmatig":-1,"aanwezig":true,"overruleNaam":false,"overruleRating":false},"8705323":{"knsbnummer":8705323,"naamKNSB":"Christopher Kong","ratingIJSCO":327,"ratingKNSB":624,"ratingHandmatig":-1,"aanwezig":true,"overruleNaam":false,"overruleRating":false},"8717621":{"knsbnummer":8717621,"naamKNSB":"Fabian Kenbeek","ratingIJSCO":306,"ratingKNSB":315,"ratingHandmatig":-1,"aanwezig":true,"overruleNaam":false,"overruleRating":false},"8628532":{"knsbnummer":8628532,"naamKNSB":"Hermen van den Berg","ratingIJSCO":658,"ratingKNSB":743,"ratingHandmatig":-1,"aanwezig":true,"overruleNaam":false,"overruleRating":false},"8757573":{"knsbnummer":8757573,"naamKNSB":"Alex Gerritsen","ratingIJSCO":100,"ratingKNSB":100,"ratingHandmatig":-1,"aanwezig":true,"overruleNaam":false,"overruleRating":false},"8320444":{"knsbnummer":8320444,"naamKNSB":"Jim Pronk","ratingIJSCO":1153,"ratingKNSB":1153,"ratingHandmatig":-1,"aanwezig":true,"overruleNaam":false,"overruleRating":false},"8490306":{"knsbnummer":8490306,"naamKNSB":"Fin Delfgaauw","ratingIJSCO":580,"ratingKNSB":1020,"ratingHandmatig":-1,"aanwezig":true,"overruleNaam":false,"overruleRating":false},"8783170":{"knsbnummer":8783170,"naamKNSB":"Ben Stukart","ratingIJSCO":100,"ratingKNSB":0,"ratingHandmatig":-1,"aanwezig":true,"overruleNaam":false,"overruleRating":false},"8717632":{"knsbnummer":8717632,"naamKNSB":"Sylvan Kenbeek","ratingIJSCO":264,"ratingKNSB":389,"ratingHandmatig":-1,"aanwezig":true,"overruleNaam":false,"overruleRating":false},"8357305":{"knsbnummer":8357305,"naamKNSB":"Tim Norris","ratingIJSCO":1424,"ratingKNSB":1370,"ratingHandmatig":-1,"aanwezig":true,"overruleNaam":false,"overruleRating":false},"8692035":{"knsbnummer":8692035,"naamKNSB":"Joep Mulder","ratingIJSCO":100,"ratingKNSB":100,"ratingHandmatig":-1,"aanwezig":true,"overruleNaam":false,"overruleRating":false},"8705356":{"knsbnummer":8705356,"naamKNSB":"Jonathan Fennema","ratingIJSCO":176,"ratingKNSB":404,"ratingHandmatig":-1,"aanwezig":true,"overruleNaam":false,"overruleRating":false},"8349110":{"knsbnummer":8349110,"naamKNSB":"Ian Kock","ratingIJSCO":1482,"ratingKNSB":1489,"ratingHandmatig":-1,"aanwezig":true,"overruleNaam":false,"overruleRating":false},"8659277":{"knsbnummer":8659277,"naamKNSB":"Ivo Rikken","ratingIJSCO":234,"ratingKNSB":421,"ratingHandmatig":-1,"aanwezig":true,"overruleNaam":false,"overruleRating":false},"8459594":{"knsbnummer":8459594,"naamKNSB":"Tobias Fennema","ratingIJSCO":583,"ratingKNSB":622,"ratingHandmatig":-1,"aanwezig":true,"overruleNaam":false,"overruleRating":false},"8783181":{"knsbnummer":8783181,"naamKNSB":"Romee Neuteboom *","ratingIJSCO":100,"ratingKNSB":100,"ratingHandmatig":-1,"aanwezig":true,"overruleNaam":false,"overruleRating":false},"8623439":{"knsbnummer":8623439,"naamKNSB":"Guyon Terpstra","ratingIJSCO":278,"ratingKNSB":403,"ratingHandmatig":-1,"aanwezig":true,"overruleNaam":false,"overruleRating":false},"8630611":{"knsbnummer":8630611,"naamKNSB":"Dries Mulder","ratingIJSCO":194,"ratingKNSB":316,"ratingHandmatig":-1,"aanwezig":true,"overruleNaam":false,"overruleRating":false},"8529235":{"knsbnummer":8529235,"naamKNSB":"Luuk Tigelaar","ratingIJSCO":167,"ratingKNSB":0,"ratingHandmatig":-1,"aanwezig":true,"overruleNaam":false,"overruleRating":false},"8705367":{"knsbnummer":8705367,"naamKNSB":"Mira Reitsema *","ratingIJSCO":133,"ratingKNSB":200,"ratingHandmatig":-1,"aanwezig":true,"overruleNaam":false,"overruleRating":false},"8786261":{"knsbnummer":8786261,"naamKNSB":"Owen Zheng","ratingIJSCO":100,"ratingKNSB":100,"ratingHandmatig":-1,"aanwezig":true,"overruleNaam":false,"overruleRating":false},"8615255":{"knsbnummer":8615255,"naamKNSB":"Thijs Postma","ratingIJSCO":227,"ratingKNSB":389,"ratingHandmatig":-1,"aanwezig":true,"overruleNaam":false,"overruleRating":false},"8659288":{"knsbnummer":8659288,"naamKNSB":"Luka Da costa Fernandes","ratingIJSCO":207,"ratingKNSB":0,"ratingHandmatig":-1,"aanwezig":true,"overruleNaam":false,"overruleRating":false},"8463708":{"knsbnummer":8463708,"naamKNSB":"Ruben Cabri","ratingIJSCO":907,"ratingKNSB":915,"ratingHandmatig":-1,"aanwezig":true,"overruleNaam":false,"overruleRating":false},"8783192":{"knsbnummer":8783192,"naamKNSB":"Hidde Weller","ratingIJSCO":100,"ratingKNSB":0,"ratingHandmatig":-1,"aanwezig":true,"overruleNaam":false,"overruleRating":false},"8783203":{"knsbnummer":8783203,"naamKNSB":"Hugo Ponstijn","ratingIJSCO":176,"ratingKNSB":0,"ratingHandmatig":-1,"aanwezig":true,"overruleNaam":false,"overruleRating":false},"8508775":{"knsbnummer":8508775,"naamKNSB":"Emmanuel Klein Goldewijk","ratingIJSCO":498,"ratingKNSB":460,"ratingHandmatig":-1,"aanwezig":true,"overruleNaam":false,"overruleRating":false},"8705378":{"knsbnummer":8705378,"naamKNSB":"Ruben Reitsema","ratingIJSCO":166,"ratingKNSB":310,"ratingHandmatig":-1,"aanwezig":true,"overruleNaam":false,"overruleRating":false},"8783214":{"knsbnummer":8783214,"naamKNSB":"Mads Berendsen","ratingIJSCO":270,"ratingKNSB":125,"ratingHandmatig":-1,"aanwezig":true,"overruleNaam":false,"overruleRating":false},"8669551":{"knsbnummer":8669551,"naamKNSB":"Reijn Aarts","ratingIJSCO":527,"ratingKNSB":660,"ratingHandmatig":-1,"aanwezig":true,"overruleNaam":false,"overruleRating":false},"8675700":{"knsbnummer":8675700,"naamKNSB":"Moh Abdi Ali","ratingIJSCO":247,"ratingKNSB":0,"ratingHandmatig":-1,"aanwezig":true,"overruleNaam":false,"overruleRating":false},"8781168":{"knsbnummer":8781168,"naamKNSB":"Louis Vetter De","ratingIJSCO":339,"ratingKNSB":618,"ratingHandmatig":-1,"aanwezig":true,"overruleNaam":false,"overruleRating":false},"8574324":{"knsbnummer":8574324,"naamKNSB":"Fadi el Kasah","ratingIJSCO":657,"ratingKNSB":643,"ratingHandmatig":-1,"aanwezig":true,"overruleNaam":false,"overruleRating":false},"8490361":{"knsbnummer":8490361,"naamKNSB":"Nathan van Dijk","ratingIJSCO":599,"ratingKNSB":620,"ratingHandmatig":-1,"aanwezig":true,"overruleNaam":false,"overruleRating":false},"8768892":{"knsbnummer":8768892,"naamKNSB":"Gijs Verbruggen","ratingIJSCO":321,"ratingKNSB":473,"ratingHandmatig":-1,"aanwezig":true,"overruleNaam":false,"overruleRating":false},"8601978":{"knsbnummer":8601978,"naamKNSB":"Morris Terpstra","ratingIJSCO":227,"ratingKNSB":334,"ratingHandmatig":-1,"aanwezig":true,"overruleNaam":false,"overruleRating":false},"8687998":{"knsbnummer":8687998,"naamKNSB":"Lars van Workum","ratingIJSCO":163,"ratingKNSB":265,"ratingHandmatig":-1,"aanwezig":true,"overruleNaam":false,"overruleRating":false},"8783225":{"knsbnummer":8783225,"naamKNSB":"Maxim Huirne","ratingIJSCO":275,"ratingKNSB":337,"ratingHandmatig":-1,"aanwezig":true,"overruleNaam":false,"overruleRating":false},"8687239":{"knsbnummer":8687239,"naamKNSB":"Jan Wandel","ratingIJSCO":243,"ratingKNSB":0,"ratingHandmatig":-1,"aanwezig":true,"overruleNaam":false,"overruleRating":false},"8564358":{"knsbnummer":8564358,"naamKNSB":"Micheal Issa","ratingIJSCO":813,"ratingKNSB":858,"ratingHandmatig":-1,"aanwezig":true,"overruleNaam":false,"overruleRating":false},"8549002":{"knsbnummer":8549002,"naamKNSB":"Onno Wolters","ratingIJSCO":662,"ratingKNSB":1595,"ratingHandmatig":-1,"aanwezig":true,"overruleNaam":false,"overruleRating":false},"8638091":{"knsbnummer":8638091,"naamKNSB":"Willem Veldhuizen","ratingIJSCO":296,"ratingKNSB":440,"ratingHandmatig":-1,"aanwezig":true,"overruleNaam":false,"overruleRating":false},"8617609":{"knsbnummer":8617609,"naamKNSB":"Lisette Brons *","ratingIJSCO":459,"ratingKNSB":597,"ratingHandmatig":-1,"aanwezig":true,"overruleNaam":false,"overruleRating":false},"8633999":{"knsbnummer":8633999,"naamKNSB":"Ruben Loonen","ratingIJSCO":664,"ratingKNSB":731,"ratingHandmatig":-1,"aanwezig":true,"overruleNaam":false,"overruleRating":false},"8477326":{"knsbnummer":8477326,"naamKNSB":"Tom van \u0027t Hoff","ratingIJSCO":1684,"ratingKNSB":1575,"ratingHandmatig":-1,"aanwezig":true,"overruleNaam":false,"overruleRating":false},"8760983":{"knsbnummer":8760983,"naamKNSB":"Laurens Besselink","ratingIJSCO":107,"ratingKNSB":100,"ratingHandmatig":-1,"aanwezig":true,"overruleNaam":false,"overruleRating":false},"8687250":{"knsbnummer":8687250,"naamKNSB":"Jop Schoevaars","ratingIJSCO":227,"ratingKNSB":0,"ratingHandmatig":-1,"aanwezig":true,"overruleNaam":false,"overruleRating":false},"8698525":{"knsbnummer":8698525,"naamKNSB":"Bernoud Kaal","ratingIJSCO":912,"ratingKNSB":433,"ratingHandmatig":-1,"aanwezig":true,"overruleNaam":false,"overruleRating":false},"8634010":{"knsbnummer":8634010,"naamKNSB":"Sjoerd Loonen","ratingIJSCO":543,"ratingKNSB":552,"ratingHandmatig":-1,"aanwezig":true,"overruleNaam":false,"overruleRating":false},"8731294":{"knsbnummer":8731294,"naamKNSB":"Cas Caspers","ratingIJSCO":232,"ratingKNSB":0,"ratingHandmatig":-1,"aanwezig":true,"overruleNaam":false,"overruleRating":false},"8658584":{"knsbnummer":8658584,"naamKNSB":"Lise Heskes *","ratingIJSCO":1339,"ratingKNSB":1556,"ratingHandmatig":-1,"aanwezig":true,"overruleNaam":false,"overruleRating":false},"8527519":{"knsbnummer":8527519,"naamKNSB":"Michael Haykir","ratingIJSCO":159,"ratingKNSB":455,"ratingHandmatig":-1,"aanwezig":true,"overruleNaam":false,"overruleRating":false},"8668836":{"knsbnummer":8668836,"naamKNSB":"Gideon Kooi","ratingIJSCO":135,"ratingKNSB":150,"ratingHandmatig":-1,"aanwezig":true,"overruleNaam":false,"overruleRating":false},"8542886":{"knsbnummer":8542886,"naamKNSB":"Tijn Gerrit","ratingIJSCO":324,"ratingKNSB":512,"ratingHandmatig":-1,"aanwezig":true,"overruleNaam":false,"overruleRating":false},"8644262":{"knsbnummer":8644262,"naamKNSB":"Elmar Bakker","ratingIJSCO":397,"ratingKNSB":0,"ratingHandmatig":-1,"aanwezig":true,"overruleNaam":false,"overruleRating":false},"8560299":{"knsbnummer":8560299,"naamKNSB":"Martin Smouter","ratingIJSCO":277,"ratingKNSB":352,"ratingHandmatig":-1,"aanwezig":true,"overruleNaam":false,"overruleRating":false},"8658606":{"knsbnummer":8658606,"naamKNSB":"Mathias Freijse","ratingIJSCO":715,"ratingKNSB":812,"ratingHandmatig":-1,"aanwezig":true,"overruleNaam":false,"overruleRating":false},"8664744":{"knsbnummer":8664744,"naamKNSB":"Nathan Rienks","ratingIJSCO":461,"ratingKNSB":582,"ratingHandmatig":-1,"aanwezig":true,"overruleNaam":false,"overruleRating":false},"8626860":{"knsbnummer":8626860,"naamKNSB":"Teun Klein Gunnewiek","ratingIJSCO":274,"ratingKNSB":390,"ratingHandmatig":-1,"aanwezig":true,"overruleNaam":false,"overruleRating":false},"8795831":{"knsbnummer":8795831,"naamKNSB":"David Militonian","ratingIJSCO":158,"ratingKNSB":211,"ratingHandmatig":-1,"aanwezig":true,"overruleNaam":false,"overruleRating":false},"8426165":{"knsbnummer":8426165,"naamKNSB":"Floris van Capelleveen","ratingIJSCO":1120,"ratingKNSB":1134,"ratingHandmatig":-1,"aanwezig":true,"overruleNaam":false,"overruleRating":false},"8618676":{"knsbnummer":8618676,"naamKNSB":"Xander Klaassen","ratingIJSCO":551,"ratingKNSB":673,"ratingHandmatig":-1,"aanwezig":true,"overruleNaam":false,"overruleRating":false},"8742591":{"knsbnummer":8742591,"naamKNSB":"Tuur van Rooij","ratingIJSCO":525,"ratingKNSB":726,"ratingHandmatig":-1,"aanwezig":true,"overruleNaam":false,"overruleRating":false},"8624825":{"knsbnummer":8624825,"naamKNSB":"Ilkim Aksen *","ratingIJSCO":254,"ratingKNSB":700,"ratingHandmatig":-1,"aanwezig":true,"overruleNaam":false,"overruleRating":false},"8664766":{"knsbnummer":8664766,"naamKNSB":"Timon Wierper","ratingIJSCO":152,"ratingKNSB":321,"ratingHandmatig":-1,"aanwezig":true,"overruleNaam":false,"overruleRating":false},"8618687":{"knsbnummer":8618687,"naamKNSB":"Levi van Ginkel","ratingIJSCO":129,"ratingKNSB":396,"ratingHandmatig":-1,"aanwezig":true,"overruleNaam":false,"overruleRating":false},"8486588":{"knsbnummer":8486588,"naamKNSB":"Brian Liu","ratingIJSCO":750,"ratingKNSB":800,"ratingHandmatig":-1,"aanwezig":true,"overruleNaam":false,"overruleRating":false},"8668858":{"knsbnummer":8668858,"naamKNSB":"Najim Koenders","ratingIJSCO":242,"ratingKNSB":487,"ratingHandmatig":-1,"aanwezig":true,"overruleNaam":false,"overruleRating":false},"8403648":{"knsbnummer":8403648,"naamKNSB":"Mick van Randtwijk","ratingIJSCO":1943,"ratingKNSB":2006,"ratingHandmatig":-1,"aanwezig":true,"overruleNaam":false,"overruleRating":false},"8793796":{"knsbnummer":8793796,"naamKNSB":"Agnes Hakkers *","ratingIJSCO":106,"ratingKNSB":0,"ratingHandmatig":-1,"aanwezig":true,"overruleNaam":false,"overruleRating":false},"8795842":{"knsbnummer":8795842,"naamKNSB":"Gauss Garza","ratingIJSCO":189,"ratingKNSB":362,"ratingHandmatig":-1,"aanwezig":true,"overruleNaam":false,"overruleRating":false},"8751809":{"knsbnummer":8751809,"naamKNSB":"Eduard Trofim","ratingIJSCO":133,"ratingKNSB":150,"ratingHandmatig":-1,"aanwezig":true,"overruleNaam":false,"overruleRating":false},"8634054":{"knsbnummer":8634054,"naamKNSB":"Demian Wellink","ratingIJSCO":430,"ratingKNSB":581,"ratingHandmatig":-1,"aanwezig":true,"overruleNaam":false,"overruleRating":false},"8544965":{"knsbnummer":8544965,"naamKNSB":"Xiao Hao Buitenhuis","ratingIJSCO":1600,"ratingKNSB":1600,"ratingHandmatig":-1,"aanwezig":true,"overruleNaam":false,"overruleRating":false},"8613572":{"knsbnummer":8613572,"naamKNSB":"Nijs Ogink","ratingIJSCO":682,"ratingKNSB":717,"ratingHandmatig":-1,"aanwezig":true,"overruleNaam":false,"overruleRating":false},"8624836":{"knsbnummer":8624836,"naamKNSB":"Ilke Aksen","ratingIJSCO":215,"ratingKNSB":355,"ratingHandmatig":-1,"aanwezig":true,"overruleNaam":false,"overruleRating":false},"8664777":{"knsbnummer":8664777,"naamKNSB":"Boaz Wierper","ratingIJSCO":398,"ratingKNSB":559,"ratingHandmatig":-1,"aanwezig":true,"overruleNaam":false,"overruleRating":false},"8650444":{"knsbnummer":8650444,"naamKNSB":"Teun Zaalmink","ratingIJSCO":179,"ratingKNSB":266,"ratingHandmatig":-1,"aanwezig":true,"overruleNaam":false,"overruleRating":false},"8686293":{"knsbnummer":8686293,"naamKNSB":"Finn Otter","ratingIJSCO":332,"ratingKNSB":512,"ratingHandmatig":-1,"aanwezig":true,"overruleNaam":false,"overruleRating":false},"8508115":{"knsbnummer":8508115,"naamKNSB":"Wessel Adema","ratingIJSCO":1106,"ratingKNSB":1160,"ratingHandmatig":-1,"aanwezig":true,"overruleNaam":false,"overruleRating":false},"8472277":{"knsbnummer":8472277,"naamKNSB":"Stijn Kappert","ratingIJSCO":502,"ratingKNSB":0,"ratingHandmatig":-1,"aanwezig":true,"overruleNaam":false,"overruleRating":false},"8484564":{"knsbnummer":8484564,"naamKNSB":"Len Brands","ratingIJSCO":1140,"ratingKNSB":1207,"ratingHandmatig":-1,"aanwezig":true,"overruleNaam":false,"overruleRating":false},"8552148":{"knsbnummer":8552148,"naamKNSB":"Sebastian Klinker","ratingIJSCO":785,"ratingKNSB":823,"ratingHandmatig":-1,"aanwezig":true,"overruleNaam":false,"overruleRating":false},"8624858":{"knsbnummer":8624858,"naamKNSB":"Ayrton Geelen","ratingIJSCO":176,"ratingKNSB":288,"ratingHandmatig":-1,"aanwezig":true,"overruleNaam":false,"overruleRating":false},"8484575":{"knsbnummer":8484575,"naamKNSB":"Wiard Brandsma","ratingIJSCO":548,"ratingKNSB":588,"ratingHandmatig":-1,"aanwezig":true,"overruleNaam":false,"overruleRating":false},"8644317":{"knsbnummer":8644317,"naamKNSB":"Koen van den Burg","ratingIJSCO":324,"ratingKNSB":393,"ratingHandmatig":-1,"aanwezig":true,"overruleNaam":false,"overruleRating":false},"8508126":{"knsbnummer":8508126,"naamKNSB":"Marrit Adema *","ratingIJSCO":1631,"ratingKNSB":1532,"ratingHandmatig":-1,"aanwezig":true,"overruleNaam":false,"overruleRating":false},"8618720":{"knsbnummer":8618720,"naamKNSB":"Koen van Wijngaarden","ratingIJSCO":723,"ratingKNSB":858,"ratingHandmatig":-1,"aanwezig":true,"overruleNaam":false,"overruleRating":false},"8793829":{"knsbnummer":8793829,"naamKNSB":"Charlotte van den Berg *","ratingIJSCO":216,"ratingKNSB":0,"ratingHandmatig":-1,"aanwezig":true,"overruleNaam":false,"overruleRating":false},"8705763":{"knsbnummer":8705763,"naamKNSB":"Dinand Hendriks","ratingIJSCO":133,"ratingKNSB":0,"ratingHandmatig":-1,"aanwezig":true,"overruleNaam":false,"overruleRating":false},"8531688":{"knsbnummer":8531688,"naamKNSB":"Jermo Aluy","ratingIJSCO":808,"ratingKNSB":791,"ratingHandmatig":-1,"aanwezig":true,"overruleNaam":false,"overruleRating":false},"8621800":{"knsbnummer":8621800,"naamKNSB":"Wouter Wieggers","ratingIJSCO":839,"ratingKNSB":1258,"ratingHandmatig":-1,"aanwezig":true,"overruleNaam":false,"overruleRating":false},"8543986":{"knsbnummer":8543986,"naamKNSB":"Patrick Wijono","ratingIJSCO":934,"ratingKNSB":1014,"ratingHandmatig":-1,"aanwezig":true,"overruleNaam":false,"overruleRating":false},"8621811":{"knsbnummer":8621811,"naamKNSB":"Sam Taen","ratingIJSCO":227,"ratingKNSB":382,"ratingHandmatig":-1,"aanwezig":true,"overruleNaam":false,"overruleRating":false},"8527607":{"knsbnummer":8527607,"naamKNSB":"Selina Huynh *","ratingIJSCO":596,"ratingKNSB":612,"ratingHandmatig":-1,"aanwezig":true,"overruleNaam":false,"overruleRating":false},"8702705":{"knsbnummer":8702705,"naamKNSB":"Seb Peterman","ratingIJSCO":456,"ratingKNSB":647,"ratingHandmatig":-1,"aanwezig":true,"overruleNaam":false,"overruleRating":false},"8667890":{"knsbnummer":8667890,"naamKNSB":"Hidde Knippenberg","ratingIJSCO":850,"ratingKNSB":1016,"ratingHandmatig":-1,"aanwezig":true,"overruleNaam":false,"overruleRating":false},"8793840":{"knsbnummer":8793840,"naamKNSB":"Ian van Loo","ratingIJSCO":174,"ratingKNSB":309,"ratingHandmatig":-1,"aanwezig":true,"overruleNaam":false,"overruleRating":false},"8770300":{"knsbnummer":8770300,"naamKNSB":"Thirza Nijsink *","ratingIJSCO":144,"ratingKNSB":301,"ratingHandmatig":-1,"aanwezig":true,"overruleNaam":false,"overruleRating":false},"8649465":{"knsbnummer":8649465,"naamKNSB":"Thomas Berendsen","ratingIJSCO":481,"ratingKNSB":202,"ratingHandmatig":-1,"aanwezig":true,"overruleNaam":false,"overruleRating":false},"8705785":{"knsbnummer":8705785,"naamKNSB":"Aristides Buntara","ratingIJSCO":678,"ratingKNSB":702,"ratingHandmatig":-1,"aanwezig":true,"overruleNaam":false,"overruleRating":false},"8793851":{"knsbnummer":8793851,"naamKNSB":"Kaat Koopman *","ratingIJSCO":100,"ratingKNSB":0,"ratingHandmatig":-1,"aanwezig":true,"overruleNaam":false,"overruleRating":false},"8566525":{"knsbnummer":8566525,"naamKNSB":"Ivan Wijono","ratingIJSCO":592,"ratingKNSB":644,"ratingHandmatig":-1,"aanwezig":true,"overruleNaam":false,"overruleRating":false},"8486654":{"knsbnummer":8486654,"naamKNSB":"Noraly Luitjes *","ratingIJSCO":531,"ratingKNSB":577,"ratingHandmatig":-1,"aanwezig":true,"overruleNaam":false,"overruleRating":false},"8419840":{"knsbnummer":8419840,"naamKNSB":"Geert van Hoorn","ratingIJSCO":2054,"ratingKNSB":2026,"ratingHandmatig":-1,"aanwezig":true,"overruleNaam":false,"overruleRating":false},"8697348":{"knsbnummer":8697348,"naamKNSB":"Istar Snijders","ratingIJSCO":212,"ratingKNSB":322,"ratingHandmatig":-1,"aanwezig":true,"overruleNaam":false,"overruleRating":false},"8742404":{"knsbnummer":8742404,"naamKNSB":"Jasper Diepenbroek","ratingIJSCO":161,"ratingKNSB":0,"ratingHandmatig":-1,"aanwezig":true,"overruleNaam":false,"overruleRating":false},"8577536":{"knsbnummer":8577536,"naamKNSB":"Milan Litjens","ratingIJSCO":372,"ratingKNSB":445,"ratingHandmatig":-1,"aanwezig":true,"overruleNaam":false,"overruleRating":false},"8498699":{"knsbnummer":8498699,"naamKNSB":"Darren Jansen","ratingIJSCO":600,"ratingKNSB":597,"ratingHandmatig":-1,"aanwezig":true,"overruleNaam":false,"overruleRating":false},"8697359":{"knsbnummer":8697359,"naamKNSB":"Wilfried Snijders","ratingIJSCO":697,"ratingKNSB":597,"ratingHandmatig":-1,"aanwezig":true,"overruleNaam":false,"overruleRating":false},"8353521":{"knsbnummer":8353521,"naamKNSB":"Anna-Marie Hulleman *","ratingIJSCO":1433,"ratingKNSB":1457,"ratingHandmatig":-1,"aanwezig":true,"overruleNaam":false,"overruleRating":false},"8552973":{"knsbnummer":8552973,"naamKNSB":"Leon van den Berg","ratingIJSCO":620,"ratingKNSB":692,"ratingHandmatig":-1,"aanwezig":true,"overruleNaam":false,"overruleRating":false},"8493584":{"knsbnummer":8493584,"naamKNSB":"Emilio Weenink","ratingIJSCO":701,"ratingKNSB":0,"ratingHandmatig":-1,"aanwezig":true,"overruleNaam":false,"overruleRating":false},"8471056":{"knsbnummer":8471056,"naamKNSB":"Leonard Donk","ratingIJSCO":561,"ratingKNSB":0,"ratingHandmatig":-1,"aanwezig":true,"overruleNaam":false,"overruleRating":false},"8737300":{"knsbnummer":8737300,"naamKNSB":"Philip Faour","ratingIJSCO":210,"ratingKNSB":409,"ratingHandmatig":-1,"aanwezig":true,"overruleNaam":false,"overruleRating":false},"8756759":{"knsbnummer":8756759,"naamKNSB":"Sem Klaver","ratingIJSCO":100,"ratingKNSB":100,"ratingHandmatig":-1,"aanwezig":true,"overruleNaam":false,"overruleRating":false},"8728082":{"knsbnummer":8728082,"naamKNSB":"Abel Hettinga","ratingIJSCO":319,"ratingKNSB":0,"ratingHandmatig":-1,"aanwezig":true,"overruleNaam":false,"overruleRating":false},"8512031":{"knsbnummer":8512031,"naamKNSB":"Ilan van der Zand","ratingIJSCO":1600,"ratingKNSB":1595,"ratingHandmatig":-1,"aanwezig":true,"overruleNaam":false,"overruleRating":false},"8589856":{"knsbnummer":8589856,"naamKNSB":"Abel Hogenhout","ratingIJSCO":877,"ratingKNSB":718,"ratingHandmatig":-1,"aanwezig":true,"overruleNaam":false,"overruleRating":false},"8577569":{"knsbnummer":8577569,"naamKNSB":"Tijn Phaffenh?fer","ratingIJSCO":373,"ratingKNSB":619,"ratingHandmatig":-1,"aanwezig":true,"overruleNaam":false,"overruleRating":false},"8577580":{"knsbnummer":8577580,"naamKNSB":"Willemijn Bijleveld *","ratingIJSCO":782,"ratingKNSB":837,"ratingHandmatig":-1,"aanwezig":true,"overruleNaam":false,"overruleRating":false},"8758827":{"knsbnummer":8758827,"naamKNSB":"David Banjo","ratingIJSCO":177,"ratingKNSB":277,"ratingHandmatig":-1,"aanwezig":true,"overruleNaam":false,"overruleRating":false},"8471089":{"knsbnummer":8471089,"naamKNSB":"Ferdinand de Jong","ratingIJSCO":696,"ratingKNSB":0,"ratingHandmatig":-1,"aanwezig":true,"overruleNaam":false,"overruleRating":false},"8670772":{"knsbnummer":8670772,"naamKNSB":"Vigo Stam","ratingIJSCO":592,"ratingKNSB":677,"ratingHandmatig":-1,"aanwezig":true,"overruleNaam":false,"overruleRating":false},"8712759":{"knsbnummer":8712759,"naamKNSB":"Chandler Jansen","ratingIJSCO":461,"ratingKNSB":521,"ratingHandmatig":-1,"aanwezig":true,"overruleNaam":false,"overruleRating":false},"8589878":{"knsbnummer":8589878,"naamKNSB":"Fardad Nejad","ratingIJSCO":618,"ratingKNSB":632,"ratingHandmatig":-1,"aanwezig":true,"overruleNaam":false,"overruleRating":false},"8528443":{"knsbnummer":8528443,"naamKNSB":"Tu-San Nguyen","ratingIJSCO":887,"ratingKNSB":923,"ratingHandmatig":-1,"aanwezig":true,"overruleNaam":false,"overruleRating":false},"8631865":{"knsbnummer":8631865,"naamKNSB":"Berke Bulgurcu","ratingIJSCO":688,"ratingKNSB":728,"ratingHandmatig":-1,"aanwezig":true,"overruleNaam":false,"overruleRating":false},"8756792":{"knsbnummer":8756792,"naamKNSB":"Luuk Oomen","ratingIJSCO":145,"ratingKNSB":157,"ratingHandmatig":-1,"aanwezig":true,"overruleNaam":false,"overruleRating":false},"8589889":{"knsbnummer":8589889,"naamKNSB":"Lucas van der Weiden","ratingIJSCO":899,"ratingKNSB":887,"ratingHandmatig":-1,"aanwezig":true,"overruleNaam":false,"overruleRating":false},"8756803":{"knsbnummer":8756803,"naamKNSB":"Eline Veenendaal *","ratingIJSCO":133,"ratingKNSB":150,"ratingHandmatig":-1,"aanwezig":true,"overruleNaam":false,"overruleRating":false},"8631876":{"knsbnummer":8631876,"naamKNSB":"Du Nguyen","ratingIJSCO":486,"ratingKNSB":767,"ratingHandmatig":-1,"aanwezig":true,"overruleNaam":false,"overruleRating":false},"8756814":{"knsbnummer":8756814,"naamKNSB":"Corne Dijkhuizen","ratingIJSCO":219,"ratingKNSB":275,"ratingHandmatig":-1,"aanwezig":true,"overruleNaam":false,"overruleRating":false},"8631887":{"knsbnummer":8631887,"naamKNSB":"Duy Nguyen","ratingIJSCO":604,"ratingKNSB":831,"ratingHandmatig":-1,"aanwezig":true,"overruleNaam":false,"overruleRating":false},"8658507":{"knsbnummer":8658507,"naamKNSB":"Guus Straathof","ratingIJSCO":685,"ratingKNSB":736,"ratingHandmatig":-1,"aanwezig":true,"overruleNaam":false,"overruleRating":false},"8589900":{"knsbnummer":8589900,"naamKNSB":"Vera Maters *","ratingIJSCO":246,"ratingKNSB":392,"ratingHandmatig":-1,"aanwezig":true,"overruleNaam":false,"overruleRating":false},"8546901":{"knsbnummer":8546901,"naamKNSB":"Simon te Biesebeek","ratingIJSCO":994,"ratingKNSB":1028,"ratingHandmatig":-1,"aanwezig":true,"overruleNaam":false,"overruleRating":false},"8631898":{"knsbnummer":8631898,"naamKNSB":"Danh Nguyen","ratingIJSCO":312,"ratingKNSB":458,"ratingHandmatig":-1,"aanwezig":true,"overruleNaam":false,"overruleRating":false},"8662621":{"knsbnummer":8662621,"naamKNSB":"Noah van Wolveren","ratingIJSCO":112,"ratingKNSB":100,"ratingHandmatig":-1,"aanwezig":true,"overruleNaam":false,"overruleRating":false},"8461915":{"knsbnummer":8461915,"naamKNSB":"Joab Weseman","ratingIJSCO":1032,"ratingKNSB":1122,"ratingHandmatig":-1,"aanwezig":true,"overruleNaam":false,"overruleRating":false},"8750687":{"knsbnummer":8750687,"naamKNSB":"Faya Damen *","ratingIJSCO":418,"ratingKNSB":580,"ratingHandmatig":-1,"aanwezig":true,"overruleNaam":false,"overruleRating":false},"8787548":{"knsbnummer":8787548,"naamKNSB":"Wester Velzel","ratingIJSCO":348,"ratingKNSB":794,"ratingHandmatig":-1,"aanwezig":true,"overruleNaam":false,"overruleRating":false},"8403549":{"knsbnummer":8403549,"naamKNSB":"Gert-Jan Blom","ratingIJSCO":1390,"ratingKNSB":1435,"ratingHandmatig":-1,"aanwezig":true,"overruleNaam":false,"overruleRating":false},"8559199":{"knsbnummer":8559199,"naamKNSB":"Jasmijn Leisink *","ratingIJSCO":344,"ratingKNSB":440,"ratingHandmatig":-1,"aanwezig":true,"overruleNaam":false,"overruleRating":false},"8241827":{"knsbnummer":8241827,"naamKNSB":"Quirine Naber *","ratingIJSCO":1741,"ratingKNSB":1719,"ratingHandmatig":-1,"aanwezig":true,"overruleNaam":false,"overruleRating":false},"8703585":{"knsbnummer":8703585,"naamKNSB":"Metin Baldik","ratingIJSCO":610,"ratingKNSB":731,"ratingHandmatig":-1,"aanwezig":true,"overruleNaam":false,"overruleRating":false},"8662632":{"knsbnummer":8662632,"naamKNSB":"Oscar Hengeveld","ratingIJSCO":198,"ratingKNSB":342,"ratingHandmatig":-1,"aanwezig":true,"overruleNaam":false,"overruleRating":false},"8463983":{"knsbnummer":8463983,"naamKNSB":"Teun Gal","ratingIJSCO":899,"ratingKNSB":929,"ratingHandmatig":-1,"aanwezig":true,"overruleNaam":false,"overruleRating":false},"8794742":{"knsbnummer":8794742,"naamKNSB":"Oscar Zecha","ratingIJSCO":312,"ratingKNSB":518,"ratingHandmatig":-1,"aanwezig":true,"overruleNaam":false,"overruleRating":false},"8493683":{"knsbnummer":8493683,"naamKNSB":"Frank van Wijngaarden","ratingIJSCO":1500,"ratingKNSB":1657,"ratingHandmatig":-1,"aanwezig":true,"overruleNaam":false,"overruleRating":false},"8478327":{"knsbnummer":8478327,"naamKNSB":"Harm Roukema","ratingIJSCO":1556,"ratingKNSB":1590,"ratingHandmatig":-1,"aanwezig":true,"overruleNaam":false,"overruleRating":false},"8696435":{"knsbnummer":8696435,"naamKNSB":"Ruben Louman","ratingIJSCO":133,"ratingKNSB":0,"ratingHandmatig":-1,"aanwezig":true,"overruleNaam":false,"overruleRating":false},"8560255":{"knsbnummer":8560255,"naamKNSB":"William Shakhverdian","ratingIJSCO":1873,"ratingKNSB":1776,"ratingHandmatig":-1,"aanwezig":true,"overruleNaam":false,"overruleRating":false},"8632195":{"knsbnummer":8632195,"naamKNSB":"Twan Greven","ratingIJSCO":259,"ratingKNSB":224,"ratingHandmatig":-1,"aanwezig":true,"overruleNaam":false,"overruleRating":false},"8559496":{"knsbnummer":8559496,"naamKNSB":"Ilse van der Meulen *","ratingIJSCO":196,"ratingKNSB":424,"ratingHandmatig":-1,"aanwezig":true,"overruleNaam":false,"overruleRating":false},"8553358":{"knsbnummer":8553358,"naamKNSB":"Florian Molanus","ratingIJSCO":1029,"ratingKNSB":1354,"ratingHandmatig":-1,"aanwezig":true,"overruleNaam":false,"overruleRating":false},"8588173":{"knsbnummer":8588173,"naamKNSB":"Sjoerd Vosselman Bosch","ratingIJSCO":675,"ratingKNSB":775,"ratingHandmatig":-1,"aanwezig":true,"overruleNaam":false,"overruleRating":false},"8803223":{"knsbnummer":8803223,"naamKNSB":"Kik Onrust","ratingIJSCO":148,"ratingKNSB":0,"ratingHandmatig":-1,"aanwezig":true,"overruleNaam":false,"overruleRating":false},"8686480":{"knsbnummer":8686480,"naamKNSB":"Eelco Hofstede","ratingIJSCO":100,"ratingKNSB":110,"ratingHandmatig":-1,"aanwezig":true,"overruleNaam":false,"overruleRating":false},"8577943":{"knsbnummer":8577943,"naamKNSB":"Mike Rauwerdink","ratingIJSCO":1063,"ratingKNSB":689,"ratingHandmatig":-1,"aanwezig":true,"overruleNaam":false,"overruleRating":false},"8626068":{"knsbnummer":8626068,"naamKNSB":"Magdalena Shirokov *","ratingIJSCO":321,"ratingKNSB":444,"ratingHandmatig":-1,"aanwezig":true,"overruleNaam":false,"overruleRating":false},"8564633":{"knsbnummer":8564633,"naamKNSB":"Julian van Kuijk","ratingIJSCO":1202,"ratingKNSB":1343,"ratingHandmatig":-1,"aanwezig":true,"overruleNaam":false,"overruleRating":false},"8686502":{"knsbnummer":8686502,"naamKNSB":"Oscar Adams","ratingIJSCO":717,"ratingKNSB":781,"ratingHandmatig":-1,"aanwezig":true,"overruleNaam":false,"overruleRating":false},"8647584":{"knsbnummer":8647584,"naamKNSB":"Willem Berenschot","ratingIJSCO":385,"ratingKNSB":543,"ratingHandmatig":-1,"aanwezig":true,"overruleNaam":false,"overruleRating":false},"8803234":{"knsbnummer":8803234,"naamKNSB":"Wietse van den Berg","ratingIJSCO":100,"ratingKNSB":0,"ratingHandmatig":-1,"aanwezig":true,"overruleNaam":false,"overruleRating":false},"8564644":{"knsbnummer":8564644,"naamKNSB":"Lazlo van Kuijk","ratingIJSCO":1183,"ratingKNSB":1490,"ratingHandmatig":-1,"aanwezig":true,"overruleNaam":false,"overruleRating":false},"8516519":{"knsbnummer":8516519,"naamKNSB":"Ilja Nijstad","ratingIJSCO":590,"ratingKNSB":630,"ratingHandmatig":-1,"aanwezig":true,"overruleNaam":false,"overruleRating":false},"8690594":{"knsbnummer":8690594,"naamKNSB":"Liam Denys","ratingIJSCO":261,"ratingKNSB":425,"ratingHandmatig":-1,"aanwezig":true,"overruleNaam":false,"overruleRating":false},"8647595":{"knsbnummer":8647595,"naamKNSB":"Jesper van Benthem","ratingIJSCO":717,"ratingKNSB":749,"ratingHandmatig":-1,"aanwezig":true,"overruleNaam":false,"overruleRating":false},"8690605":{"knsbnummer":8690605,"naamKNSB":"Gurkan Kandemir","ratingIJSCO":275,"ratingKNSB":272,"ratingHandmatig":-1,"aanwezig":true,"overruleNaam":false,"overruleRating":false},"8632239":{"knsbnummer":8632239,"naamKNSB":"Martijn Maalderink","ratingIJSCO":497,"ratingKNSB":540,"ratingHandmatig":-1,"aanwezig":true,"overruleNaam":false,"overruleRating":false},"8564655":{"knsbnummer":8564655,"naamKNSB":"Vadim van Kuijk","ratingIJSCO":1551,"ratingKNSB":1609,"ratingHandmatig":-1,"aanwezig":true,"overruleNaam":false,"overruleRating":false},"8571827":{"knsbnummer":8571827,"naamKNSB":"Pjotr Dam","ratingIJSCO":778,"ratingKNSB":894,"ratingHandmatig":-1,"aanwezig":true,"overruleNaam":false,"overruleRating":false},"8507312":{"knsbnummer":8507312,"naamKNSB":"Natan van \u0027t Riet","ratingIJSCO":625,"ratingKNSB":759,"ratingHandmatig":-1,"aanwezig":true,"overruleNaam":false,"overruleRating":false},"8647606":{"knsbnummer":8647606,"naamKNSB":"Josephine Damen *","ratingIJSCO":384,"ratingKNSB":566,"ratingHandmatig":-1,"aanwezig":true,"overruleNaam":false,"overruleRating":false},"8559540":{"knsbnummer":8559540,"naamKNSB":"Sam Michiels","ratingIJSCO":601,"ratingKNSB":703,"ratingHandmatig":-1,"aanwezig":true,"overruleNaam":false,"overruleRating":false},"8615860":{"knsbnummer":8615860,"naamKNSB":"Fidel Issa","ratingIJSCO":447,"ratingKNSB":465,"ratingHandmatig":-1,"aanwezig":true,"overruleNaam":false,"overruleRating":false},"8509369":{"knsbnummer":8509369,"naamKNSB":"Mika Rutjens","ratingIJSCO":1630,"ratingKNSB":1596,"ratingHandmatig":-1,"aanwezig":true,"overruleNaam":false,"overruleRating":false},"8752062":{"knsbnummer":8752062,"naamKNSB":"Ernst van den Bogaart","ratingIJSCO":133,"ratingKNSB":150,"ratingHandmatig":-1,"aanwezig":true,"overruleNaam":false,"overruleRating":false},"8705983":{"knsbnummer":8705983,"naamKNSB":"Tycho van Wolveren","ratingIJSCO":108,"ratingKNSB":125,"ratingHandmatig":-1,"aanwezig":true,"overruleNaam":false,"overruleRating":false},"8437693":{"knsbnummer":8437693,"naamKNSB":"Gabri?l Krouwel","ratingIJSCO":2050,"ratingKNSB":1999,"ratingHandmatig":-1,"aanwezig":true,"overruleNaam":false,"overruleRating":false},"8688581":{"knsbnummer":8688581,"naamKNSB":"Krijn de Rooi","ratingIJSCO":132,"ratingKNSB":0,"ratingHandmatig":-1,"aanwezig":true,"overruleNaam":false,"overruleRating":false},"8524736":{"knsbnummer":8524736,"naamKNSB":"Tobias de Vries","ratingIJSCO":1793,"ratingKNSB":1845,"ratingHandmatig":-1,"aanwezig":true,"overruleNaam":false,"overruleRating":false},"8632261":{"knsbnummer":8632261,"naamKNSB":"Robert Nica","ratingIJSCO":207,"ratingKNSB":380,"ratingHandmatig":-1,"aanwezig":true,"overruleNaam":false,"overruleRating":false},"8769475":{"knsbnummer":8769475,"naamKNSB":"Metin Sahin","ratingIJSCO":126,"ratingKNSB":100,"ratingHandmatig":-1,"aanwezig":true,"overruleNaam":false,"overruleRating":false},"8626123":{"knsbnummer":8626123,"naamKNSB":"Huub ter Velde","ratingIJSCO":100,"ratingKNSB":219,"ratingHandmatig":-1,"aanwezig":true,"overruleNaam":false,"overruleRating":false},"8690638":{"knsbnummer":8690638,"naamKNSB":"Thijs Bouman","ratingIJSCO":251,"ratingKNSB":342,"ratingHandmatig":-1,"aanwezig":true,"overruleNaam":false,"overruleRating":false},"8526793":{"knsbnummer":8526793,"naamKNSB":"Bas van den Broek","ratingIJSCO":500,"ratingKNSB":530,"ratingHandmatig":-1,"aanwezig":true,"overruleNaam":false,"overruleRating":false},"8444876":{"knsbnummer":8444876,"naamKNSB":"Ruben Schreuder","ratingIJSCO":1147,"ratingKNSB":1217,"ratingHandmatig":-1,"aanwezig":true,"overruleNaam":false,"overruleRating":false},"8752073":{"knsbnummer":8752073,"naamKNSB":"Job van Scherpenzeel","ratingIJSCO":192,"ratingKNSB":276,"ratingHandmatig":-1,"aanwezig":true,"overruleNaam":false,"overruleRating":false},"8798152":{"knsbnummer":8798152,"naamKNSB":"Bastiaan Schouten","ratingIJSCO":166,"ratingKNSB":350,"ratingHandmatig":-1,"aanwezig":true,"overruleNaam":false,"overruleRating":false},"8418256":{"knsbnummer":8418256,"naamKNSB":"Marjon Landsbergen *","ratingIJSCO":871,"ratingKNSB":0,"ratingHandmatig":-1,"aanwezig":true,"overruleNaam":false,"overruleRating":false},"8660949":{"knsbnummer":8660949,"naamKNSB":"Bram van Abeelen","ratingIJSCO":483,"ratingKNSB":595,"ratingHandmatig":-1,"aanwezig":true,"overruleNaam":false,"overruleRating":false},"8694741":{"knsbnummer":8694741,"naamKNSB":"Elmar de Groot","ratingIJSCO":202,"ratingKNSB":241,"ratingHandmatig":-1,"aanwezig":true,"overruleNaam":false,"overruleRating":false},"8632272":{"knsbnummer":8632272,"naamKNSB":"Miguel Antonio Pinxt","ratingIJSCO":259,"ratingKNSB":409,"ratingHandmatig":-1,"aanwezig":true,"overruleNaam":false,"overruleRating":false},"8636375":{"knsbnummer":8636375,"naamKNSB":"Noah-Raven Wubs","ratingIJSCO":194,"ratingKNSB":383,"ratingHandmatig":-1,"aanwezig":true,"overruleNaam":false,"overruleRating":false},"8798163":{"knsbnummer":8798163,"naamKNSB":"Aron van Ginkel","ratingIJSCO":100,"ratingKNSB":0,"ratingHandmatig":-1,"aanwezig":true,"overruleNaam":false,"overruleRating":false},"8543194":{"knsbnummer":8543194,"naamKNSB":"Onno Koreneef","ratingIJSCO":531,"ratingKNSB":561,"ratingHandmatig":-1,"aanwezig":true,"overruleNaam":false,"overruleRating":false},"8798174":{"knsbnummer":8798174,"naamKNSB":"Hente van As","ratingIJSCO":118,"ratingKNSB":0,"ratingHandmatig":-1,"aanwezig":true,"overruleNaam":false,"overruleRating":false},"8420313":{"knsbnummer":8420313,"naamKNSB":"Jeron van der Sanden","ratingIJSCO":1199,"ratingKNSB":1211,"ratingHandmatig":-1,"aanwezig":true,"overruleNaam":false,"overruleRating":false},"8601560":{"knsbnummer":8601560,"naamKNSB":"Aron de Blois","ratingIJSCO":268,"ratingKNSB":495,"ratingHandmatig":-1,"aanwezig":true,"overruleNaam":false,"overruleRating":false},"8495069":{"knsbnummer":8495069,"naamKNSB":"Tobias Geldof","ratingIJSCO":492,"ratingKNSB":867,"ratingHandmatig":-1,"aanwezig":true,"overruleNaam":false,"overruleRating":false},"8689637":{"knsbnummer":8689637,"naamKNSB":"Kevin Beute","ratingIJSCO":115,"ratingKNSB":253,"ratingHandmatig":-1,"aanwezig":true,"overruleNaam":false,"overruleRating":false},"8626145":{"knsbnummer":8626145,"naamKNSB":"Wout Wagenaar","ratingIJSCO":309,"ratingKNSB":491,"ratingHandmatig":-1,"aanwezig":true,"overruleNaam":false,"overruleRating":false},"8547297":{"knsbnummer":8547297,"naamKNSB":"Stan de Bruin","ratingIJSCO":933,"ratingKNSB":915,"ratingHandmatig":-1,"aanwezig":true,"overruleNaam":false,"overruleRating":false},"8759267":{"knsbnummer":8759267,"naamKNSB":"Jakob van Zanten","ratingIJSCO":133,"ratingKNSB":238,"ratingHandmatig":-1,"aanwezig":true,"overruleNaam":false,"overruleRating":false},"8705004":{"knsbnummer":8705004,"naamKNSB":"Niels Hajee","ratingIJSCO":262,"ratingKNSB":400,"ratingHandmatig":-1,"aanwezig":true,"overruleNaam":false,"overruleRating":false},"8758255":{"knsbnummer":8758255,"naamKNSB":"Dani?l Stalpers","ratingIJSCO":167,"ratingKNSB":0,"ratingHandmatig":-1,"aanwezig":true,"overruleNaam":false,"overruleRating":false},"8759278":{"knsbnummer":8759278,"naamKNSB":"Wu Liang Jong","ratingIJSCO":270,"ratingKNSB":507,"ratingHandmatig":-1,"aanwezig":true,"overruleNaam":false,"overruleRating":false},"8796139":{"knsbnummer":8796139,"naamKNSB":"Ziad Dodik","ratingIJSCO":310,"ratingKNSB":533,"ratingHandmatig":-1,"aanwezig":true,"overruleNaam":false,"overruleRating":false},"8558572":{"knsbnummer":8558572,"naamKNSB":"Thijs van Harten","ratingIJSCO":577,"ratingKNSB":541,"ratingHandmatig":-1,"aanwezig":true,"overruleNaam":false,"overruleRating":false},"8798185":{"knsbnummer":8798185,"naamKNSB":"Mathijm Verweij","ratingIJSCO":234,"ratingKNSB":482,"ratingHandmatig":-1,"aanwezig":true,"overruleNaam":false,"overruleRating":false},"8718314":{"knsbnummer":8718314,"naamKNSB":"Tomek van Essen","ratingIJSCO":137,"ratingKNSB":226,"ratingHandmatig":-1,"aanwezig":true,"overruleNaam":false,"overruleRating":false},"8379151":{"knsbnummer":8379151,"naamKNSB":"Chris Scholten","ratingIJSCO":1137,"ratingKNSB":1169,"ratingHandmatig":-1,"aanwezig":true,"overruleNaam":false,"overruleRating":false},"8762358":{"knsbnummer":8762358,"naamKNSB":"Dean Jurgens","ratingIJSCO":133,"ratingKNSB":150,"ratingHandmatig":-1,"aanwezig":true,"overruleNaam":false,"overruleRating":false},"8558583":{"knsbnummer":8558583,"naamKNSB":"Mahbod Hatamirad","ratingIJSCO":779,"ratingKNSB":809,"ratingHandmatig":-1,"aanwezig":true,"overruleNaam":false,"overruleRating":false},"8665074":{"knsbnummer":8665074,"naamKNSB":"Merijn Adams","ratingIJSCO":617,"ratingKNSB":687,"ratingHandmatig":-1,"aanwezig":true,"overruleNaam":false,"overruleRating":false},"8572927":{"knsbnummer":8572927,"naamKNSB":"Lennart Molanus","ratingIJSCO":1290,"ratingKNSB":1445,"ratingHandmatig":-1,"aanwezig":true,"overruleNaam":false,"overruleRating":false},"8324866":{"knsbnummer":8324866,"naamKNSB":"Lorens Konecny","ratingIJSCO":1036,"ratingKNSB":1086,"ratingHandmatig":-1,"aanwezig":true,"overruleNaam":false,"overruleRating":false},"8630270":{"knsbnummer":8630270,"naamKNSB":"Alexander Ivanov","ratingIJSCO":338,"ratingKNSB":505,"ratingHandmatig":-1,"aanwezig":true,"overruleNaam":false,"overruleRating":false},"8758266":{"knsbnummer":8758266,"naamKNSB":"Florian van der Veen","ratingIJSCO":196,"ratingKNSB":0,"ratingHandmatig":-1,"aanwezig":true,"overruleNaam":false,"overruleRating":false},"8793862":{"knsbnummer":8793862,"naamKNSB":"Mattheo van den Berg","ratingIJSCO":246,"ratingKNSB":0,"ratingHandmatig":-1,"aanwezig":true,"overruleNaam":false,"overruleRating":false},"8705796":{"knsbnummer":8705796,"naamKNSB":"Mees Kuiper","ratingIJSCO":164,"ratingKNSB":316,"ratingHandmatig":-1,"aanwezig":true,"overruleNaam":false,"overruleRating":false},"8492803":{"knsbnummer":8492803,"naamKNSB":"Floris Ros","ratingIJSCO":369,"ratingKNSB":464,"ratingHandmatig":-1,"aanwezig":true,"overruleNaam":false,"overruleRating":false},"8552192":{"knsbnummer":8552192,"naamKNSB":"Jochem Kuijvenhoven","ratingIJSCO":236,"ratingKNSB":502,"ratingHandmatig":-1,"aanwezig":true,"overruleNaam":false,"overruleRating":false},"8686348":{"knsbnummer":8686348,"naamKNSB":"Sharwan Boedhoe","ratingIJSCO":651,"ratingKNSB":695,"ratingHandmatig":-1,"aanwezig":true,"overruleNaam":false,"overruleRating":false},"8649487":{"knsbnummer":8649487,"naamKNSB":"Sa?a Albers","ratingIJSCO":1325,"ratingKNSB":1336,"ratingHandmatig":-1,"aanwezig":true,"overruleNaam":false,"overruleRating":false},"8577811":{"knsbnummer":8577811,"naamKNSB":"Kevin Verfuerth","ratingIJSCO":2005,"ratingKNSB":1923,"ratingHandmatig":-1,"aanwezig":true,"overruleNaam":false,"overruleRating":false},"8387566":{"knsbnummer":8387566,"naamKNSB":"Alain van der Velden","ratingIJSCO":1513,"ratingKNSB":1495,"ratingHandmatig":-1,"aanwezig":true,"overruleNaam":false,"overruleRating":false},"8511250":{"knsbnummer":8511250,"naamKNSB":"Anna Martinez *","ratingIJSCO":1836,"ratingKNSB":1824,"ratingHandmatig":-1,"aanwezig":true,"overruleNaam":false,"overruleRating":false},"8494871":{"knsbnummer":8494871,"naamKNSB":"Rembrandt Bruil","ratingIJSCO":2106,"ratingKNSB":2117,"ratingHandmatig":-1,"aanwezig":true,"overruleNaam":false,"overruleRating":false},"8793873":{"knsbnummer":8793873,"naamKNSB":"Nout ter Velde","ratingIJSCO":246,"ratingKNSB":0,"ratingHandmatig":-1,"aanwezig":true,"overruleNaam":false,"overruleRating":false},"8759058":{"knsbnummer":8759058,"naamKNSB":"Jan-Jesse Carrion Chrisstoffel","ratingIJSCO":112,"ratingKNSB":100,"ratingHandmatig":-1,"aanwezig":true,"overruleNaam":false,"overruleRating":false},"8649498":{"knsbnummer":8649498,"naamKNSB":"Matthijs Brons","ratingIJSCO":210,"ratingKNSB":360,"ratingHandmatig":-1,"aanwezig":true,"overruleNaam":false,"overruleRating":false},"8667934":{"knsbnummer":8667934,"naamKNSB":"Yossef Alhasan","ratingIJSCO":702,"ratingKNSB":855,"ratingHandmatig":-1,"aanwezig":true,"overruleNaam":false,"overruleRating":false},"8782631":{"knsbnummer":8782631,"naamKNSB":"Kristian Oosterhuis","ratingIJSCO":253,"ratingKNSB":355,"ratingHandmatig":-1,"aanwezig":true,"overruleNaam":false,"overruleRating":false},"8714024":{"knsbnummer":8714024,"naamKNSB":"Sarah Koppe *","ratingIJSCO":159,"ratingKNSB":250,"ratingHandmatig":-1,"aanwezig":true,"overruleNaam":false,"overruleRating":false},"8606510":{"knsbnummer":8606510,"naamKNSB":"Remy Evers","ratingIJSCO":530,"ratingKNSB":0,"ratingHandmatig":-1,"aanwezig":true,"overruleNaam":false,"overruleRating":false},"8711978":{"knsbnummer":8711978,"naamKNSB":"Stijn van Wanroy","ratingIJSCO":133,"ratingKNSB":200,"ratingHandmatig":-1,"aanwezig":true,"overruleNaam":false,"overruleRating":false},"8768298":{"knsbnummer":8768298,"naamKNSB":"Koen Wattel","ratingIJSCO":297,"ratingKNSB":0,"ratingHandmatig":-1,"aanwezig":true,"overruleNaam":false,"overruleRating":false},"8690484":{"knsbnummer":8690484,"naamKNSB":"Gideon Woertink","ratingIJSCO":324,"ratingKNSB":651,"ratingHandmatig":-1,"aanwezig":true,"overruleNaam":false,"overruleRating":false},"8647474":{"knsbnummer":8647474,"naamKNSB":"Karsten Dam","ratingIJSCO":299,"ratingKNSB":454,"ratingHandmatig":-1,"aanwezig":true,"overruleNaam":false,"overruleRating":false},"8631095":{"knsbnummer":8631095,"naamKNSB":"Rik de Jong","ratingIJSCO":160,"ratingKNSB":304,"ratingHandmatig":-1,"aanwezig":true,"overruleNaam":false,"overruleRating":false},"8704817":{"knsbnummer":8704817,"naamKNSB":"Vic Schouten","ratingIJSCO":261,"ratingKNSB":389,"ratingHandmatig":-1,"aanwezig":true,"overruleNaam":false,"overruleRating":false},"8507191":{"knsbnummer":8507191,"naamKNSB":"Jelle Wapstra","ratingIJSCO":687,"ratingKNSB":737,"ratingHandmatig":-1,"aanwezig":true,"overruleNaam":false,"overruleRating":false},"8681266":{"knsbnummer":8681266,"naamKNSB":"Koen Stadegaard","ratingIJSCO":155,"ratingKNSB":150,"ratingHandmatig":-1,"aanwezig":true,"overruleNaam":false,"overruleRating":false},"8714035":{"knsbnummer":8714035,"naamKNSB":"Rosa Zondag *","ratingIJSCO":133,"ratingKNSB":176,"ratingHandmatig":-1,"aanwezig":true,"overruleNaam":false,"overruleRating":false},"8704828":{"knsbnummer":8704828,"naamKNSB":"Maarten van Eck","ratingIJSCO":350,"ratingKNSB":470,"ratingHandmatig":-1,"aanwezig":true,"overruleNaam":false,"overruleRating":false},"8714046":{"knsbnummer":8714046,"naamKNSB":"Eelco Adams","ratingIJSCO":332,"ratingKNSB":510,"ratingHandmatig":-1,"aanwezig":true,"overruleNaam":false,"overruleRating":false},"8489789":{"knsbnummer":8489789,"naamKNSB":"Mark Bakker","ratingIJSCO":1397,"ratingKNSB":1406,"ratingHandmatig":-1,"aanwezig":true,"overruleNaam":false,"overruleRating":false},"8466238":{"knsbnummer":8466238,"naamKNSB":"Michiel van Deursen","ratingIJSCO":1273,"ratingKNSB":1257,"ratingHandmatig":-1,"aanwezig":true,"overruleNaam":false,"overruleRating":false},"8492869":{"knsbnummer":8492869,"naamKNSB":"Tristan van der Schaaf","ratingIJSCO":1659,"ratingKNSB":1682,"ratingHandmatig":-1,"aanwezig":true,"overruleNaam":false,"overruleRating":false},"8606532":{"knsbnummer":8606532,"naamKNSB":"Zeeshan Khan","ratingIJSCO":544,"ratingKNSB":593,"ratingHandmatig":-1,"aanwezig":true,"overruleNaam":false,"overruleRating":false},"8725321":{"knsbnummer":8725321,"naamKNSB":"Dion Vaessen","ratingIJSCO":133,"ratingKNSB":150,"ratingHandmatig":-1,"aanwezig":true,"overruleNaam":false,"overruleRating":false},"8602451":{"knsbnummer":8602451,"naamKNSB":"Pim Eimers","ratingIJSCO":372,"ratingKNSB":519,"ratingHandmatig":-1,"aanwezig":true,"overruleNaam":false,"overruleRating":false},"8759124":{"knsbnummer":8759124,"naamKNSB":"Mark van Dijk","ratingIJSCO":198,"ratingKNSB":0,"ratingHandmatig":-1,"aanwezig":true,"overruleNaam":false,"overruleRating":false},"8689494":{"knsbnummer":8689494,"naamKNSB":"Fabian Arentsen","ratingIJSCO":606,"ratingKNSB":668,"ratingHandmatig":-1,"aanwezig":true,"overruleNaam":false,"overruleRating":false},"8577877":{"knsbnummer":8577877,"naamKNSB":"Mats Keurntjes","ratingIJSCO":788,"ratingKNSB":861,"ratingHandmatig":-1,"aanwezig":true,"overruleNaam":false,"overruleRating":false},"8475478":{"knsbnummer":8475478,"naamKNSB":"Gerben Polinder","ratingIJSCO":557,"ratingKNSB":0,"ratingHandmatig":-1,"aanwezig":true,"overruleNaam":false,"overruleRating":false},"8550234":{"knsbnummer":8550234,"naamKNSB":"Roj van de Ruitenbeek","ratingIJSCO":276,"ratingKNSB":0,"ratingHandmatig":-1,"aanwezig":true,"overruleNaam":false,"overruleRating":false},"8704861":{"knsbnummer":8704861,"naamKNSB":"Valentijn van Abeelen","ratingIJSCO":160,"ratingKNSB":184,"ratingHandmatig":-1,"aanwezig":true,"overruleNaam":false,"overruleRating":false},"8658782":{"knsbnummer":8658782,"naamKNSB":"Tristan de Vries","ratingIJSCO":153,"ratingKNSB":302,"ratingHandmatig":-1,"aanwezig":true,"overruleNaam":false,"overruleRating":false},"8783709":{"knsbnummer":8783709,"naamKNSB":"Teun Cloosterman","ratingIJSCO":310,"ratingKNSB":531,"ratingHandmatig":-1,"aanwezig":true,"overruleNaam":false,"overruleRating":false},"8432479":{"knsbnummer":8432479,"naamKNSB":"Hidde Roosma","ratingIJSCO":553,"ratingKNSB":583,"ratingHandmatig":-1,"aanwezig":true,"overruleNaam":false,"overruleRating":false},"8435559":{"knsbnummer":8435559,"naamKNSB":"Ibo Schuring","ratingIJSCO":837,"ratingKNSB":867,"ratingHandmatig":-1,"aanwezig":true,"overruleNaam":false,"overruleRating":false},"8602473":{"knsbnummer":8602473,"naamKNSB":"Thimo Nooteboom","ratingIJSCO":213,"ratingKNSB":416,"ratingHandmatig":-1,"aanwezig":true,"overruleNaam":false,"overruleRating":false},"8686447":{"knsbnummer":8686447,"naamKNSB":"Raphael van Meegen","ratingIJSCO":370,"ratingKNSB":685,"ratingHandmatig":-1,"aanwezig":true,"overruleNaam":false,"overruleRating":false},"8708975":{"knsbnummer":8708975,"naamKNSB":"Maurice Claassen","ratingIJSCO":171,"ratingKNSB":307,"ratingHandmatig":-1,"aanwezig":true,"overruleNaam":false,"overruleRating":false},"8704872":{"knsbnummer":8704872,"naamKNSB":"Reiko Dirksen","ratingIJSCO":308,"ratingKNSB":482,"ratingHandmatig":-1,"aanwezig":true,"overruleNaam":false,"overruleRating":false},"8610668":{"knsbnummer":8610668,"naamKNSB":"Stijn Wieringa","ratingIJSCO":579,"ratingKNSB":632,"ratingHandmatig":-1,"aanwezig":true,"overruleNaam":false,"overruleRating":false},"8446834":{"knsbnummer":8446834,"naamKNSB":"Bryan Hieltjes","ratingIJSCO":1193,"ratingKNSB":1193,"ratingHandmatig":-1,"aanwezig":true,"overruleNaam":false,"overruleRating":false},"8295309":{"knsbnummer":8295309,"naamKNSB":"Willeke Knottnerus *","ratingIJSCO":1650,"ratingKNSB":1600,"ratingHandmatig":-1,"aanwezig":true,"overruleNaam":false,"overruleRating":false},"8606576":{"knsbnummer":8606576,"naamKNSB":"Nathan Fernandez","ratingIJSCO":155,"ratingKNSB":347,"ratingHandmatig":-1,"aanwezig":true,"overruleNaam":false,"overruleRating":false},"8758134":{"knsbnummer":8758134,"naamKNSB":"Lisa Smeenk *","ratingIJSCO":133,"ratingKNSB":150,"ratingHandmatig":-1,"aanwezig":true,"overruleNaam":false,"overruleRating":false},"8632184":{"knsbnummer":8632184,"naamKNSB":"Milan de Kort","ratingIJSCO":626,"ratingKNSB":548,"ratingHandmatig":-1,"aanwezig":true,"overruleNaam":false,"overruleRating":false},"8686458":{"knsbnummer":8686458,"naamKNSB":"Willem Maaijen","ratingIJSCO":496,"ratingKNSB":0,"ratingHandmatig":-1,"aanwezig":true,"overruleNaam":false,"overruleRating":false}},"deelnemers":[],"minGroepen":1,"maxGroepen":24,"minSpelers":4,"maxSpelers":10,"minDeltaSpelers":0,"maxDeltaSpelers":2,"minAfwijkendeGroepen":0,"maxAfwijkendeGroepen":2,"minToegestaneByes":0,"maxToegestaneByes":3,"GeenByesInGroepen":"1"}